pond,date,method,effort,species,mass,svl,tl,age/sex,development,genetic,year,,
Ellicott,5/30/21,seine,4,SCLTS,1.2,31,71,larva,3,1,2021,,
Ellicott,5/30/21,seine,4,SCLTS,2.3,39,72,larva,2/3,1,2021,,
Ellicott,5/30/21,seine,4,SCLTS,2.2,35,54,larva,1,1,2021,,
Ellicott,5/30/21,seine,4,SCLTS,0.6,23,44,larva,1,1,2021,,
Ellicott,5/30/21,seine,4,SCLTS,2.2,38,79,larva,3,1,2021,,
Ellicott,5/30/21,seine,4,SCLTS,1.6,34,76,larva,1,1,2021,,
Ellicott,5/30/21,seine,4,SCLTS,0.4,21,39,larva,1,1,2021,,
Ellicott,5/30/21,seine,4,SCLTS,1.8,32,78,larva,1,1,2021,,
Ellicott,5/30/21,seine,4,SCLTS,2,34,78,larva,1,1,2021,,
Ellicott,5/30/21,seine,4,SCLTS,1.5,31,57,larva,1,1,2021,,
Ellicott,5/30/21,seine,4,SCLTS,0.9,26,51,larva,1,1,2021,,
Ellicott,5/30/21,seine,4,SCLTS,0.9,25,50,larva,1,1,2021,,
Ellicott,5/30/21,seine,4,SCLTS,1.3,30,59,larva,1,1,2021,,
Ellicott,5/30/21,seine,4,SCLTS,1.6,29,60,larva,1,1,2021,,
Ellicott,5/30/21,seine,4,SCLTS,1.9,30,62,larva,1,1,2021,,
Ellicott,5/30/21,seine,4,SCLTS,0.9,22,43,larva,1,1,2021,,
Ellicott,5/30/21,seine,4,SCLTS,0.8,27,45,larva,1,1,2021,,
Ellicott,5/30/21,seine,4,SCLTS,1.8,30,59,larva,1,1,2021,,
Prospect,5/30/21,seine,4,SCLTS,1.5,30,61,larva,1,1,2021,,
Prospect,5/30/21,seine,4,SCLTS,1.9,31,60,larva,1,1,2021,,
Prospect,5/30/21,seine,4,SCLTS,1.5,29,58,larva,1,1,2021,,
Prospect,5/30/21,seine,4,SCLTS,1.2,32,66,larva,1,1,2021,,
Prospect,5/30/21,seine,4,SCLTS,1.8,30,59,larva,1,1,2021,,
Prospect,5/30/21,seine,4,SCLTS,1.7,30,62,larva,1,1,2021,,
Prospect,5/30/21,seine,4,SCLTS,1.1,34,67,larva,2,1,2021,,
Prospect,5/30/21,seine,4,SCLTS,1.1,32,68,larva,3,1,2021,,
Prospect,5/30/21,seine,4,SCLTS,1.4,30,65,larva,2,1,2021,,
Prospect,5/30/21,seine,4,SCLTS,1.4,36,69,larva,1,1,2021,,
Prospect,5/30/21,seine,4,SCLTS,1.6,31,65,larva,1,1,2021,,
Prospect,5/30/21,seine,4,SCLTS,1.5,32,69,larva,3,1,2021,,
Prospect,5/30/21,seine,4,SCLTS,2.4,38,74,larva,1,1,2021,,
Prospect,5/30/21,seine,4,SCLTS,1.8,34,68,larva,3,1,2021,,
Prospect,5/30/21,seine,4,SCLTS,2,33,67,larva,1,1,2021,,
Prospect,5/30/21,seine,4,SCLTS,1.9,32,68,larva,2,1,2021,,
Prospect,5/30/21,seine,4,SCLTS,1.8,34,70,larva,3,1,2021,,
Prospect,5/30/21,seine,4,SCLTS,1.9,35,67,larva,2,1,2021,,
Prospect,5/30/21,seine,4,SCLTS,1.6,33,68,larva,1,1,2021,,
Prospect,5/30/21,seine,4,SCLTS,2.2,35,69,larva,2,1,2021,,
Prospect,5/30/21,seine,4,SCLTS,1.7,32,63,larva,1,1,2021,,
Prospect,5/30/21,seine,4,SCLTS,1.3,29,58,larva,1,1,2021,,
Prospect,5/30/21,seine,4,SCLTS,1.7,31,63,larva,1,1,2021,,
Prospect,5/30/21,seine,4,SCLTS,1.8,30,57,larva,1,1,2021,,
Prospect,5/30/21,seine,4,SCLTS,1.6,30,61,larva,1,1,2021,,
Calabasas,5/30/21,seine,2,SCLTS,0.6,21,44,larva,1,1,2021,,
Calabasas,5/30/21,seine,2,SCLTS,0.7,24,45,larva,1,1,2021,,
Calabasas,5/30/21,dipnet,50,SCLTS,1.6,32,62,larva,1,1,2021,,
Calabasas,5/30/21,dipnet,50,SCLTS,1.8,35,49,larva,1,1,2021,,
Calabasas,5/30/21,dipnet,50,SCLTS,1.6,31,53,larva,1,1,2021,,
Calabasas,5/30/21,dipnet,50,SCLTS,1.5,33,62,larva,1,1,2021,,
Calabasas,5/30/21,dipnet,50,SCLTS,1,32,38,larva,1,1,2021,,
Seascape 3,5/31/2021,density dipnet,32,SCLTS,0.2,20,35,larva,1,1,2021,,
Seascape 3,5/31/2021,density dipnet,32,SCLTS,0.2,15,28,larva,1,1,2021,,
Seascape 3,5/31/2021,density dipnet,32,SCLTS,0.1,14,25,larva,1,1,2021,,
Seascape 3,5/31/2021,density dipnet,32,SCLTS,0.2,10,27,larva,1,1,2021,,
Seascape 3,5/31/2021,density dipnet,32,SCLTS,<0.1,7,20,larva,1,1,2021,,
Seascape 3,5/31/2021,density dipnet,32,SCLTS,0.3,17,34,larva,1,1,2021,,
Seascape 3,5/31/2021,dipnet,50,SCLTS,0.3,16,36,larva,1,1,2021,,
Seascape 3,5/31/2021,dipnet,50,SCLTS,0.4,15,29,larva,1,1,2021,,
Seascape 3,5/31/2021,dipnet,50,SCLTS,0.4,17,32,larva,1,1,2021,,
Seascape 3,5/31/2021,dipnet,50,SCLTS,0.4,15,31,larva,1,1,2021,,
Seascape 3,5/31/2021,dipnet,50,SCLTS,0.3,16,34,larva,1,1,2021,,
Seascape 3,5/31/2021,dipnet,50,SCLTS,0.2,14,29,larva,1,1,2021,,
Seascape 3,5/31/2021,dipnet,50,SCLTS,0.2,15,27,larva,1,1,2021,,
Seascape 3,5/31/2021,dipnet,50,SCLTS,0.3,17,33,larva,1,1,2021,,
Seascape 3,5/31/2021,dipnet,50,SCLTS,0.2,20,36,larva,1,1,2021,,
Seascape 3,5/31/2021,dipnet,50,SCLTS,0.2,16,30,larva,1,1,2021,,
Seascape 3,5/31/2021,dipnet,50,SCLTS,0.2,15,25,larva,1,1,2021,,
Seascape 3,5/31/2021,dipnet,50,SCLTS,0.4,21,37,larva,1,1,2021,,
Seascape 3,5/31/2021,dipnet,50,SCLTS,0.1,14,20,larva,1,1,2021,,
Seascape 3,5/31/2021,dipnet,50,SCLTS,0.2,17,30,larva,1,1,2021,,
Seascape 3,5/31/2021,dipnet,50,SCLTS,0.4,17,32,larva,1,1,2021,,
Seascape 3,5/31/2021,dipnet,50,SCLTS,0.1,16,28,larva,1,1,2021,,
Seascape 3,5/31/2021,dipnet,50,SCLTS,0.4,15,35,larva,1,1,2021,,
Seascape 3,5/31/2021,dipnet,50,SCLTS,0.3,16,31,larva,1,1,2021,,
Seascape 3,5/31/2021,dipnet,50,SCLTS,0.3,14,31,larva,1,1,2021,,
Seascape 1,5/31/2021,density dipnet,38,SCLTS,0.7,25,45,larva,1,1,2021,,
Seascape 1,5/31/2021,density dipnet,38,SCLTS,0.7,25,44,larva,1,1,2021,,
Seascape 1,5/31/2021,dipnet,21,SCLTS,1.2,30,52,larva,1,1,2021,,
Seascape 1,5/31/2021,dipnet,21,SCLTS,0.5,17,33,larva,1,1,2021,,
Seascape 1,5/31/2021,dipnet,21,SCLTS,0.6,22,42,larva,1,1,2021,,
Seascape 1,5/31/2021,dipnet,21,SCLTS,0.5,22,38,larva,1,1,2021,,
Seascape 1,5/31/2021,dipnet,21,SCLTS,0.3,14,31,larva,1,1,2021,,
Valencia Lagoon,6/1/21,density dipnet,55,SCLTS,0.7,23,43,larva,1,1,2021,,
Valencia Lagoon,6/1/21,density dipnet,55,SCLTS,0.5,22,42,larva,1,1,2021,,
Valencia Lagoon,6/1/21,density dipnet,55,SCLTS,0.7,22,45,larva,1,1,2021,,
Valencia Lagoon,6/1/21,density dipnet,55,SCLTS,0.7,22,42,larva,1,1,2021,,
Valencia Lagoon,6/1/21,density dipnet,55,SCLTS,0.7,24,45,larva,1,1,2021,,
Valencia Lagoon,6/1/21,density dipnet,55,SCLTS,0.7,20,42,larva,1,1,2021,,
Valencia Lagoon,6/1/21,density dipnet,55,SCLTS,0.8,20,44,larva,1,1,2021,,
Valencia Lagoon,6/1/21,density dipnet,55,SCLTS,0.6,20,35,larva,1,1,2021,,
Valencia Lagoon,6/1/21,density dipnet,55,SCLTS,0.6,20,41,larva,1,1,2021,,
Valencia Lagoon,6/1/21,density dipnet,55,SCLTS,0.5,19,39,larva,1,1,2021,,
Valencia Lagoon,6/1/21,density dipnet,55,SCLTS,0.4,18,37,larva,1,1,2021,,
Valencia Lagoon,6/1/21,density dipnet,55,SCLTS,0.6,20,41,larva,1,1,2021,,
Valencia Lagoon,6/1/21,density dipnet,55,SCLTS,0.4,16,35,larva,1,1,2021,,
Valencia Lagoon,6/1/21,density dipnet,55,SCLTS,0.5,18,37,larva,1,1,2021,,
Valencia Lagoon,6/1/21,density dipnet,55,SCLTS,0.5,18,33,larva,1,1,2021,,
Valencia Lagoon,6/1/21,density dipnet,55,SCLTS,0.5,18,40,larva,1,1,2021,,
Valencia Lagoon,6/1/21,density dipnet,55,SCLTS,0.4,18,36,larva,1,1,2021,,
Valencia Lagoon,6/1/21,density dipnet,55,SCLTS,0.5,18,36,larva,1,0,2021,,
Valencia Lagoon,6/1/21,density dipnet,55,SCLTS,0.3,18,35,larva,1,0,2021,,
Valencia Lagoon,6/1/21,density dipnet,55,SCLTS,0.3,15,37,larva,1,0,2021,,
Seascape 2,6/8/21,dipnet,20,SCLTS,1.3,27,53,larva,1,0,2021,,
South Moro Cojo Slough,6/9/2021,seine,4,SCLTS,0.9,25,50,larva,1,1,2021,,
South Moro Cojo Slough,6/9/2021,seine,4,SCLTS,2,27,61,larva,4,1,2021,,
South Moro Cojo Slough,6/9/2021,seine,4,SCLTS,2.1,35,72,larva,3,1,2021,,
South Moro Cojo Slough,6/9/2021,larval seine,"3, 15 paces",SCLTS,0.3,20,34,larva,1,1,2021,,
Willow Canyon,6/9/2021,seine,4,SCLTS,2.5,42,79,larva,1,1,2021,,
Willow Canyon,6/9/2021,seine,4,SCLTS,0.7,25,45,larva,1,1,2021,,
Willow Canyon,6/9/2021,seine,4,SCLTS,1.4,31,63,larva,1,1,2021,,
Willow Canyon,6/9/2021,seine,4,SCLTS,0.5,22,43,larva,1,1,2021,,
Willow Canyon,6/9/2021,seine,4,SCLTS,0.7,25,49,larva,1,1,2021,,
Willow Canyon,6/9/2021,seine,4,SCLTS,0.2,21,39,larva,1,1,2021,,
Willow Canyon,6/9/2021,seine,4,SCLTS,0.5,20,35,larva,1,1,2021,,
Willow Canyon,6/9/2021,seine,4,SCLTS,0.6,24,43,larva,1,1,2021,,
Willow Canyon,6/9/2021,seine,4,SCLTS,1.1,30,53,larva,1,1,2021,,
Willow Canyon,6/9/2021,seine,4,SCLTS,0.4,26,45,larva,1,1,2021,,
Willow Canyon,6/9/2021,seine,4,SCLTS,0.7,30,51,larva,1,1,2021,,
Willow Canyon,6/9/2021,seine,4,SCLTS,0.7,29,50,larva,1,1,2021,,
Willow Canyon,6/9/2021,seine,4,SCLTS,0.8,26,49,larva,1,1,2021,,
Willow Canyon,6/9/2021,seine,4,SCLTS,0.3,29,43,larva,1,1,2021,,
Willow Canyon,6/9/2021,seine,4,SCLTS,0.4,17,36,larva,1,1,2021,,
Willow Canyon,6/9/2021,seine,4,SCLTS,0.9,30,49,larva,1,1,2021,,
Willow Canyon,6/9/2021,seine,4,SCLTS,0.6,21,40,larva,1,1,2021,,
Willow Canyon,6/9/2021,seine,4,SCLTS,0.5,17,33,larva,1,1,2021,,
Willow Canyon,6/9/2021,seine,4,SCLTS,0.5,20,40,larva,1,1,2021,,
Willow Canyon,6/9/2021,seine,4,SCLTS,0.8,21,44,larva,1,1,2021,,
Willow Canyon,6/9/2021,seine,4,SCLTS,1,25,51,larva,1,1,2021,,
Willow Canyon,6/9/2021,seine,4,SCLTS,0.5,21,46,larva,1,1,2021,,
Willow Canyon,6/9/2021,seine,4,SCLTS,0.8,22,46,larva,1,1,2021,,
Willow Canyon,6/9/2021,seine,4,SCLTS,0.6,24,43,larva,1,1,2021,,
Willow Canyon,6/9/2021,seine,4,SCLTS,0.3,19,30,larva,1,1,2021,,
Pond N,6/12/2021,seine,"1, 5 m; 3, 2.5 m",SCLTS,2.1,33,63,larva,1,1,2021,,
Pond N,6/12/2021,seine,"1, 5 m; 3, 2.5 m",SCLTS,2.6,36,74,larva,1,1,2021,,
Pond N,6/12/2021,seine,"1, 5 m; 3, 2.5 m",SCLTS,2.4,30,66,larva,1,1,2021,,
Pond N,6/12/2021,seine,"1, 5 m; 3, 2.5 m",SCLTS,1.9,30,64,larva,1,1,2021,,
Pond N,6/12/2021,seine,"1, 5 m; 3, 2.5 m",SCLTS,1.9,32,60,larva,1,1,2021,,
Pond N,6/12/2021,seine,"1, 5 m; 3, 2.5 m",SCLTS,2.1,32,62,larva,1,1,2021,,
Pond N,6/12/2021,seine,"1, 5 m; 3, 2.5 m",SCLTS,2.4,34,73,larva,1,1,2021,,
Pond N,6/12/2021,seine,"1, 5 m; 3, 2.5 m",SCLTS,2.4,39,72,larva,1,1,2021,,
Pond N,6/12/2021,seine,"1, 5 m; 3, 2.5 m",SCLTS,2,36,67,larva,1,1,2021,,
Pond N,6/12/2021,seine,"1, 5 m; 3, 2.5 m",SCLTS,2.3,34,67,larva,1,1,2021,,
Pond N,6/12/2021,seine,"1, 5 m; 3, 2.5 m",SCLTS,2.1,34,68,larva,1,1,2021,,
Pond N,6/12/2021,seine,"1, 5 m; 3, 2.5 m",SCLTS,1.9,33,66,larva,1,1,2021,,
Pond N,6/12/2021,seine,"1, 5 m; 3, 2.5 m",SCLTS,2.5,35,69,larva,1,1,2021,,
Pond N,6/12/2021,seine,"1, 5 m; 3, 2.5 m",SCLTS,1.9,34,67,larva,1,1,2021,,
Pond N,6/12/2021,dipnet,15,SCLTS,1.9,39,70,larva,3,1,2021,,
Pond N,6/12/2021,dipnet,15,SCLTS,1.9,34,60,larva,1,1,2021,,
Pond N,6/12/2021,dipnet,15,SCLTS,1.7,33,68,larva,1,1,2021,,
Pond N,6/12/2021,dipnet,15,SCLTS,2.4,36,66,larva,1,1,2021,,
Pond N,6/12/2021,dipnet,15,SCLTS,2.3,32,62,larva,1,1,2021,,
Pond N,6/12/2021,dipnet,15,SCLTS,2.7,35,78,larva,1,1,2021,,
Pond N,6/12/2021,dipnet,15,SCLTS,2.2,35,72,larva,1,1,2021,,
Pond R,6/12/2021,seine,3,SCLTS,2.9,35,77,larva,1,1,2021,,
Pond R,6/12/2021,seine,3,SCLTS,3,40,82,larva,1,1,2021,,
Pond R,6/12/2021,seine,3,SCLTS,2.7,37,74,larva,1,1,2021,,
Pond R,6/12/2021,seine,3,SCLTS,2.8,38,82,larva,1,1,2021,,
Pond R,6/12/2021,seine,3,SCLTS,2.9,39,80,larva,1,1,2021,,
Pond R,6/12/2021,seine,3,SCLTS,2.8,36,77,larva,1,1,2021,,
Pond R,6/12/2021,seine,3,SCLTS,2.7,35,72,larva,1,1,2021,,
Pond R,6/12/2021,seine,3,SCLTS,2.1,39,79,larva,3,1,2021,,
Pond R,6/12/2021,seine,3,SCLTS,2.2,32,74,larva,1,1,2021,,
Pond R,6/12/2021,seine,3,SCLTS,2.3,34,71,larva,2,1,2021,,
Pond R,6/12/2021,seine,3,SCLTS,2.4,36,81,larva,3,1,2021,,
Pond R,6/12/2021,seine,3,SCLTS,2.3,32,71,larva,3,1,2021,,
Pond R,6/12/2021,seine,3,SCLTS,2.5,34,75,larva,3,1,2021,,
Pond R,6/12/2021,seine,3,SCLTS,2.3,35,78,larva,3,1,2021,,
Pond R,6/12/2021,seine,3,SCLTS,2.1,33,72,larva,3,1,2021,,
Pond R,6/12/2021,seine,3,SCLTS,3,36,77,larva,2,1,2021,,
Pond R,6/12/2021,seine,3,SCLTS,3.1,34,76,larva,1,1,2021,,
Pond R,6/12/2021,seine,3,SCLTS,3.1,38,82,larva,1,1,2021,,
Pond R,6/12/2021,dipnet,15,SCLTS,2.3,38,81,larva,4,1,2021,,
Pond R,6/12/2021,dipnet,15,SCLTS,2.1,37,82,larva,2,1,2021,,
Pond R,6/12/2021,dipnet,15,SCLTS,2.5,36,67,larva,1,1,2021,,
Pond R,6/12/2021,dipnet,15,SCLTS,2.7,37,76,larva,1,1,2021,,
Pond R,6/12/2021,dipnet,15,SCLTS,2.9,,,larva,1,1,2021,,
Pond R,6/12/2021,dipnet,15,SCLTS,2.8,39,72,larva,1,1,2021,,
Pond R,6/12/2021,dipnet,15,SCLTS,2.1,34,73,larva,1,1,2021,,
Pond S,6/12/2021,seine,2,SCLTS,1.9,34,54,larva,1,1,2021,,
Pond S,6/12/2021,seine,2,SCLTS,1.7,31,56,larva,1,1,2021,,
Pond S,6/12/2021,seine,2,SCLTS,1.6,29,64,larva,1,1,2021,,
Pond S,6/12/2021,seine,2,SCLTS,2,30,64,larva,1,1,2021,,
Pond S,6/12/2021,seine,2,SCLTS,1.4,33,62,larva,3,1,2021,,
Pond S,6/12/2021,seine,2,SCLTS,1.5,30,63,larva,1,1,2021,,
Pond S,6/12/2021,seine,2,SCLTS,2.1,32,69,larva,1,1,2021,,
Pond S,6/12/2021,seine,2,SCLTS,1.8,35,66,larva,2,1,2021,,
Pond S,6/12/2021,seine,2,SCLTS,2,31,66,larva,1,1,2021,,
Pond S,6/12/2021,seine,2,SCLTS,1.9,36,68,larva,2,1,2021,,
Pond S,6/12/2021,seine,2,SCLTS,1.8,37,66,larva,2,1,2021,,
Pond S,6/12/2021,seine,2,SCLTS,2.1,33,64,larva,1,1,2021,,
Pond S,6/12/2021,seine,2,SCLTS,1.6,31,66,larva,3,1,2021,,
Pond S,6/12/2021,seine,2,SCLTS,1,32,67,larva,2,1,2021,,
Pond S,6/12/2021,seine,2,SCLTS,1.9,34,70,larva,2,1,2021,,
Pond S,6/12/2021,seine,2,SCLTS,2.2,36,66,larva,3,1,2021,,
Pond S,6/12/2021,seine,2,SCLTS,1.7,30,66,larva,2,1,2021,,
Pond S,6/12/2021,seine,2,SCLTS,1.9,33,67,larva,3,1,2021,,
Pond S,6/12/2021,seine,2,SCLTS,1.9,28,56,larva,1,1,2021,,
Pond S,6/12/2021,dipnet,10,SCLTS,2.2,32,66,larva,1,1,2021,,
Pond S,6/12/2021,dipnet,10,SCLTS,1.5,36,62,larva,4,1,2021,,
Pond S,6/12/2021,dipnet,10,SCLTS,1.9,32,68,larva,3,1,2021,,
Pond S,6/12/2021,dipnet,10,SCLTS,2,34,71,larva,2,1,2021,,
Pond S,6/12/2021,dipnet,10,SCLTS,1.8,35,69,larva,1,1,2021,,
Pond S,6/12/2021,dipnet,10,SCLTS,1.7,37,66,larva,2,1,2021,,
Prospect,5/17/22,seine,4,SCLTS,1.4,27,59,L,1,yes,2022,,
Prospect,5/17/22,seine,4,SCLTS,1.4,30,46,L,1,yes,2022,,
Prospect,5/17/22,seine,4,SCLTS,1.6,29,58,L,1,yes,2022,,
Prospect,5/17/22,seine,4,SCLTS,2,30,67,L,1,yes,2022,,
Prospect,5/17/22,seine,4,SCLTS,2.8,41,80,L,1,yes,2022,,
Prospect,5/17/22,seine,4,SCLTS,1.6,31,65,L,1,yes,2022,,
Prospect,5/17/22,seine,4,SCLTS,1,27,52,L,1,yes,2022,,
Prospect,5/17/22,seine,4,SCLTS,2.8,35,71,L,1,yes,2022,,
Prospect,5/17/22,seine,4,SCLTS,2.4,31,73,L,1,yes,2022,,
Prospect,5/17/22,seine,4,SCLTS,2.1,27,57,L,1,yes,2022,,
Prospect,5/17/22,seine,4,SCLTS,2.4,33,72,L,1,yes,2022,,
Prospect,5/17/22,seine,4,SCLTS,1.1,38,56,L,1,yes,2022,,
Prospect,5/17/22,seine,4,SCLTS,2.1,33,68,L,1,yes,2022,,
Prospect,5/17/22,seine,4,SCLTS,2.5,33,71,L,1,yes,2022,,
Prospect,5/17/22,seine,4,SCLTS,0.9,29,55,L,1,yes,2022,,
Prospect,5/17/22,seine,4,SCLTS,1.1,28,55,L,1,yes,2022,,
Prospect,5/17/22,seine,4,SCLTS,1,25,51,L,1,yes,2022,,
Prospect,5/17/22,seine,4,SCLTS,1.2,29,56,L,1,yes,2022,,
Prospect,5/17/22,seine,4,SCLTS,1.5,27,50,L,1,yes,2022,,
Prospect,5/17/22,seine,4,SCLTS,1.6,28,59,L,1,yes,2022,,
Ellicott,5/17/22,seine,4,SCLTS,2.5,39,79,L,1,yes,2022,,
Ellicott,5/17/22,seine,4,SCLTS,2.8,39,67,L,1,yes,2022,,
Ellicott,5/17/22,seine,4,SCLTS,2.4,40,77,L,1,yes,2022,,
Ellicott,5/17/22,seine,4,SCLTS,2.1,37,74,L,1,yes,2022,,
Ellicott,5/17/22,seine,4,SCLTS,2.6,42,79,L,1,yes,2022,,
Ellicott,5/17/22,seine,4,SCLTS,2.3,35,72,L,1,yes,2022,,
Ellicott,5/17/22,seine,4,SCLTS,2,30,70,L,1,yes,2022,,
Ellicott,5/17/22,seine,4,SCLTS,2.3,35,78,L,1,yes,2022,,
Ellicott,5/17/22,seine,4,SCLTS,2.2,34,72,L,1,yes,2022,,
Ellicott,5/17/22,seine,4,SCLTS,2.5,39,79,L,1,yes,2022,,
Ellicott,5/17/22,seine,4,SCLTS,1.7,32,67,L,1,yes,2022,,
Ellicott,5/17/22,seine,4,SCLTS,3.1,41,81,L,1,yes,2022,,
Ellicott,5/17/22,seine,4,SCLTS,2.2,43,81,L,1,yes,2022,,
Ellicott,5/17/22,larval seine,4,SCLTS,1,30,50,L,1,yes,2022,,
Ellicott,5/17/22,larval seine,4,SCLTS,1,30,51,L,1,yes,2022,,
Ellicott,5/17/22,larval seine,4,SCLTS,3.3,42,86,L,1,yes,2022,,
Ellicott,5/17/22,larval seine,4,SCLTS,1.3,29,58,L,1,yes,2022,,
Ellicott,5/17/22,larval seine,4,SCLTS,2.3,35,70,L,1,yes,2022,,
Ellicott,5/17/22,larval seine,4,SCLTS,1.2,31,62,L,1,yes,2022,,
Ellicott,5/17/22,larval seine,4,SCLTS,2,36,72,L,1,yes,2022,,
Upper Cattail,5/20/22,seine,4,SCLTS,1.9,39,73,L,,yes,2022,,
Upper Cattail,5/20/22,seine,4,SCLTS,1.3,32,61,L,1,yes,2022,,
Upper Cattail,5/20/22,seine,4,SCLTS,1.8,39,78,L,1,yes,2022,,
Upper Cattail,5/20/22,seine,4,SCLTS,2.2,36,75,L,1,yes,2022,,
Upper Cattail,5/20/22,seine,4,SCLTS,1.9,38,71,L,1,yes,2022,,
Upper Cattail,5/20/22,larval seine,,SCLTS,1.5,33,73,L,1,yes,2022,,
Upper Cattail,5/20/22,larval seine,,SCLTS,1.9,34,70,L,1,yes,2022,,
Upper Cattail,5/20/22,larval seine,,SCLTS,2,35,73,L,1,yes,2022,,
Upper Cattail,5/20/22,larval seine,,SCLTS,1,31,55,L,1,yes,2022,,
Upper Cattail,5/20/22,larval seine,,SCLTS,1.4,32,61,L,1,yes,2022,,
Upper Cattail,5/20/22,larval seine,,SCLTS,1.5,31,62,L,1,yes,2022,,
Upper Cattail,5/20/22,larval seine,,SCLTS,1.6,32,69,L,1,yes,2022,,
Upper Cattail,5/20/22,larval seine,,SCLTS,1.2,30,63,L,1,yes,2022,,
Upper Cattail,5/20/22,larval seine,,SCLTS,1.3,32,65,L,1,yes,2022,,
Upper Cattail,5/20/22,larval seine,,SCLTS,1.2,33,61,L,1,yes,2022,,
Upper Cattail,5/20/22,larval seine,,SCLTS,1.4,32,64,L,1,yes,2022,,
Upper Cattail,5/20/22,larval seine,,SCLTS,1.1,30,59,L,1,yes,2022,,
Upper Cattail,5/20/22,larval seine,,SCLTS,1,30,61,L,1,yes,2022,,
Upper Cattail,5/20/22,larval seine,,SCLTS,1.4,32,63,L,1,yes,2022,,
Upper Cattail,5/20/22,larval seine,,SCLTS,1.1,27,55,L,1,yes,2022,,
Pond N,5/21/22,seine,4 x 1/2 width,SCLTS,2.7,32,71,L,1,yes,2022,,
Pond N,5/21/22,seine,4 x 1/2 width,SCLTS,3.4,36,86,L,1,yes,2022,,
Pond N,5/21/22,larval dipnet,134,SCLTS,2.1,31,67,L,1,yes,2022,,
Pond N,5/21/22,larval dipnet,134,SCLTS,1.1,25,56,L,1,yes,2022,,
Pond N,5/21/22,larval dipnet,134,SCLTS,0.8,31,56,L,1,yes,2022,,
Pond N,5/21/22,larval dipnet,134,SCLTS,1.3,26,56,L,1,yes,2022,,
Pond N,5/21/22,larval dipnet,134,SCLTS,0.6,27,46,L,1,yes,2022,,
Pond N,5/21/22,larval dipnet,134,SCLTS,1.6,30,61,L,1,yes,2022,,
Pond N,5/21/22,larval dipnet,134,SCLTS,2.7,35,78,L,1,yes,2022,,
Pond N,5/21/22,larval dipnet,134,SCLTS,1.6,29,57,L,1,yes,2022,,
Pond N,5/21/22,larval dipnet,134,SCLTS,2.9,34,76,L,1,yes,2022,,
Pond N,5/21/22,larval dipnet,134,SCLTS,2.5,34,68,L,1,yes,2022,,
Pond N,5/21/22,larval dipnet,134,SCLTS,2.3,32,69,L,1,yes,2022,,
Pond N,5/21/22,larval dipnet,134,SCLTS,0.8,23,49,L,1,yes,2022,,
Pond N,5/21/22,larval dipnet,134,SCLTS,2.7,33,73,L,1,yes,2022,,
Pond N,5/21/22,larval dipnet,134,SCLTS,3,34,80,L,1,yes,2022,,
Pond N,5/21/22,larval dipnet,134,SCLTS,1,26,49,L,1,yes,2022,,
Pond N,5/21/22,larval dipnet,134,SCLTS,2.6,31,72,L,1,yes,2022,,
Pond N,5/21/22,larval dipnet,134,SCLTS,2,32,65,L,1,yes,2022,,
Pond N,5/21/22,larval dipnet,134,SCLTS,2.8,36,73,L,1,yes,2022,,
Suess,5/23/22,benthic sample,4,SCLTS,0.4,21,35,L,1,yes,2022,,
Suess,5/23/22,density dipnet,32,SCLTS,0.3,21,37,L,1,yes,2022,,
Suess,5/23/22,density dipnet,32,SCLTS,0.4,17,36,L,1,yes,2022,,
Suess,5/23/22,larval dipnet,,SCLTS,0.3,16,32,L,1,yes,2022,,
Suess,5/23/22,larval dipnet,,SCLTS,0.4,17,39,L,1,yes,2022,,
Suess,5/23/22,larval dipnet,,SCLTS,0.6,20,40,L,1,yes,2022,,
Suess,5/23/22,larval dipnet,,SCLTS,0.5,20,39,L,1,yes,2022,,
Suess,5/23/22,larval dipnet,,SCLTS,0.5,20,39,L,1,yes,2022,,
Suess,5/23/22,larval dipnet,,SCLTS,0.7,23,42,L,1,yes,2022,,
Suess,5/23/22,larval dipnet,,SCLTS,0.7,16,34,L,1,yes,2022,,
Suess,5/23/22,larval dipnet,,SCLTS,0.5,15,32,L,1,yes,2022,,
Suess,5/23/22,larval dipnet,,SCLTS,0.5,20,40,L,1,yes,2022,,
Suess,5/23/22,larval dipnet,,SCLTS,0.4,22,40,L,1,yes,2022,,
Suess,5/23/22,larval dipnet,,SCLTS,0.5,19,36,L,1,yes,2022,,
Suess,5/23/22,larval dipnet,,SCLTS,0.6,17,38,L,1,yes,2022,,
Suess,5/23/22,larval dipnet,,SCLTS,0.4,19,35,L,1,yes,2022,,
Suess,5/23/22,larval dipnet,,SCLTS,0.4,15,31,L,1,yes,2022,,
Suess,5/23/22,larval dipnet,,SCLTS,0.5,20,36,L,1,yes,2022,,
Suess,5/23/22,larval dipnet,,SCLTS,0.3,19,34,L,1,yes,2022,,
Suess,5/23/22,larval dipnet,,SCLTS,0.3,14,30,L,1,yes,2022,,
Calabasas,5/23/22,seine,4,SCLTS,1.1,25,47,L,1,yes,2022,,
Calabasas,5/23/22,seine,4,SCLTS,1.7,31,56,L,1,yes,2022,,
Calabasas,5/23/22,seine,4,SCLTS,0.8,22,41,L,1,yes,2022,,
Calabasas,5/23/22,seine,4,SCLTS,1.8,32,57,L,1,yes,2022,,
Calabasas,5/23/22,seine,4,SCLTS,0.8,21,32,L,1,yes,2022,,
Calabasas,5/23/22,seine,4,SCLTS,2.4,35,68,L,1,yes,2022,,
Calabasas,5/23/22,seine,4,SCLTS,1,25,50,L,1,yes,2022,,
Calabasas,5/23/22,larval dipnet,144,SCLTS,1.4,30,53,L,1,yes,2022,,
Calabasas,5/23/22,larval dipnet,144,SCLTS,1.6,32,63,L,1,yes,2022,,
Calabasas,5/23/22,larval dipnet,144,SCLTS,0.3,18,32,L,1,yes,2022,,
Calabasas,5/23/22,larval dipnet,144,SCLTS,1.4,30,63,L,1,yes,2022,,
Calabasas,5/23/22,larval dipnet,144,SCLTS,1.8,30,59,L,1,yes,2022,,
Calabasas,5/23/22,larval seine,30 m,SCLTS,1.3,28,51,L,1,yes,2022,,
Calabasas,5/23/22,larval seine,30 m,SCLTS,0.7,25,39,L,1,yes,2022,,
Calabasas,5/23/22,larval seine,30 m,SCLTS,2.1,31,71,L,1,yes,2022,,
Calabasas,5/23/22,larval seine,30 m,SCLTS,0.9,29,47,L,1,yes,2022,,
Calabasas,5/23/22,larval seine,30 m,SCLTS,0.8,25,52,L,1,yes,2022,,
Calabasas,5/23/22,larval seine,30 m,SCLTS,1.1,31,59,L,1,yes,2022,,
Calabasas,5/23/22,larval seine,30 m,SCLTS,0.5,22,47,L,1,yes,2022,,
Calabasas,5/23/22,larval seine,30 m,SCLTS,1.1,23,48,L,1,yes,2022,,
Millsap 2,5/23/22,larval seine,2,SCLTS,1.6,35,64,L,1,yes,2022,,
Millsap 2,5/23/22,larval seine,2,SCLTS,2.8,38,79,L,3,yes,2022,,
Millsap 2,5/23/22,larval seine,2,SCLTS,3.2,37,80,L,1,yes,2022,,
Millsap 2,5/23/22,larval seine,2,SCLTS,1.9,39,63,L,1,yes,2022,,
Millsap 2,5/23/22,larval seine,2,SCLTS,3.1,40,82,L,2,yes,2022,,
Millsap 2,5/23/22,larval seine,2,SCLTS,4.2,38,80,L,1,yes,2022,,
Millsap 2,5/23/22,larval seine,2,SCLTS,3.7,39,83,L,1,yes,2022,,
Millsap 2,5/23/22,larval seine,2,SCLTS,3.6,39,87,L,1,yes,2022,,
Millsap 2,5/23/22,larval seine,2,SCLTS,3.4,40,84,L,1,yes,2022,,
Millsap 2,5/23/22,larval seine,2,SCLTS,3.5,41,88,L,3,yes,2022,,
Millsap 2,5/23/22,larval seine,2,SCLTS,3.5,39,82,L,1,yes,2022,,
Millsap 2,5/23/22,larval seine,2,SCLTS,3.6,39,82,L,1,yes,2022,,
Millsap 2,5/23/22,larval seine,2,SCLTS,4.7,40,81,L,1,yes,2022,,
Millsap 2,5/23/22,larval seine,2,SCLTS,3.3,36,77,L,1,yes,2022,,
Millsap 2,5/23/22,larval seine,2,SCLTS,2.7,35,71,L,1,yes,2022,,
Millsap 2,5/23/22,larval seine,2,SCLTS,2.5,34,72,L,1,yes,2022,,
Millsap 2,5/23/22,larval seine,2,SCLTS,3.5,41,86,L,1,yes,2022,,
Millsap 2,5/23/22,larval seine,2,SCLTS,3.1,37,78,L,1,yes,2022,,
Millsap 2,5/23/22,larval seine,2,SCLTS,1.8,31,60,L,1,yes,2022,,
Millsap 2,5/23/22,larval seine,2,SCLTS,1.8,32,63,L,1,yes,2022,,
South Moro Cojo,5/25/22,larval dipnet,329,SCLTS,0.8,24,50,L,1,no,2022,,
Seascape 3,5/26/22,density dipnet,122,SCLTS,1.5,30,58,L,1,yes,2022,,
Seascape 3,5/26/22,density dipnet,122,SCLTS,1.9,29,59,L,1,yes,2022,,
Seascape 3,5/26/22,density dipnet,122,SCLTS,0.5,19,42,L,1,yes,2022,,
Seascape 3,5/26/22,density dipnet,122,SCLTS,1.1,25,52,L,1,yes,2022,,
Seascape 3,5/26/22,larval dipnet,91,SCLTS,1,26,52,L,1,yes,2022,,
Seascape 3,5/26/22,larval dipnet,91,SCLTS,0.4,17,40,L,1,yes,2022,,
Seascape 3,5/26/22,larval dipnet,91,SCLTS,1.4,27,53,L,1,yes,2022,,
Seascape 3,5/26/22,larval dipnet,91,SCLTS,1.3,29,57,L,1,yes,2022,,
Seascape 3,5/26/22,larval dipnet,91,SCLTS,0.7,23,42,L,1,yes,2022,,
Seascape 3,5/26/22,larval dipnet,91,SCLTS,1.1,28,55,L,1,yes,2022,,
Seascape 3,5/26/22,larval dipnet,91,SCLTS,0.4,20,40,L,1,yes,2022,,
Seascape 3,5/26/22,larval dipnet,91,SCLTS,1.6,31,64,L,1,yes,2022,,
Seascape 3,5/26/22,larval dipnet,91,SCLTS,0.8,22,42,L,1,yes,2022,,
Seascape 3,5/26/22,larval dipnet,91,SCLTS,0.8,29,48,L,1,yes,2022,,
Seascape 3,5/26/22,larval dipnet,91,SCLTS,1.4,24,53,L,1,yes,2022,,
Seascape 3,5/26/22,larval dipnet,91,SCLTS,1,24,46,L,1,yes,2022,,
Seascape 3,5/26/22,larval dipnet,91,SCLTS,1.5,28,58,L,1,yes,2022,,
Seascape 3,5/26/22,larval dipnet,91,SCLTS,0.9,21,47,L,1,yes,2022,,
Seascape 3,5/26/22,larval dipnet,91,SCLTS,0.9,23,46,L,1,yes,2022,,
Seascape 3,5/26/22,larval dipnet,91,SCLTS,1,26,51,L,1,yes,2022,,
Willow Canyon,5/26/22,seine,3,SCLTS,2.1,35,68,L,1,yes,2022,,
Willow Canyon,5/26/22,seine,3,SCLTS,0.9,30,55,L,1,yes,2022,,
Willow Canyon,5/26/22,seine,3,SCLTS,1.1,27,53,L,1,yes,2022,,
Willow Canyon,5/26/22,seine,3,SCLTS,1.5,31,57,L,1,yes,2022,,
Willow Canyon,5/26/22,seine,3,SCLTS,0.7,22,51,L,1,yes,2022,,
Willow Canyon,5/26/22,seine,3,SCLTS,1.6,30,55,L,1,yes,2022,,
Willow Canyon,5/26/22,seine,3,SCLTS,2.2,37,66,L,1,yes,2022,,
Willow Canyon,5/26/22,seine,3,SCLTS,0.5,21,42,L,1,yes,2022,,
Willow Canyon,5/26/22,seine,3,SCLTS,0.6,24,45,L,1,yes,2022,,
Willow Canyon,5/26/22,seine,3,SCLTS,3.4,33,67,L,1,yes,2022,,
Willow Canyon,5/26/22,seine,3,SCLTS,1.2,25,47,L,1,yes,2022,,
Willow Canyon,5/26/22,seine,3,SCLTS,1.2,29,54,L,1,yes,2022,,
Willow Canyon,5/26/22,seine,3,SCLTS,0.8,25,46,L,1,yes,2022,,
Willow Canyon,5/26/22,seine,3,SCLTS,1.5,33,62,L,1,yes,2022,,
Willow Canyon,5/26/22,seine,3,SCLTS,0.6,24,42,L,1,yes,2022,,
Willow Canyon,5/26/22,seine,3,SCLTS,1.2,25,53,L,1,yes,2022,,
Willow Canyon,5/26/22,seine,3,SCLTS,0.2,15,32,L,1,yes,2022,,
Willow Canyon,5/26/22,seine,3,SCLTS,0.9,27,54,L,1,yes,2022,,
Willow Canyon,5/26/22,seine,3,SCLTS,2.1,28,54,L,1,yes,2022,,
Willow Canyon,5/26/22,seine,3,SCLTS,0.3,21,42,L,1,yes,2022,,
Seascape 2,5/27/22,larval dipnet,283,SCLTS,1.7,32,52,L,1,yes,2022,,
Seascape 2,5/27/22,larval dipnet,283,SCLTS,1.4,32,53,L,1,yes,2022,,
Seascape 2,5/27/22,larval dipnet,283,SCLTS,1.8,31,64,L,1,yes,2022,,
Seascape 2,5/27/22,larval dipnet,283,SCLTS,2.3,34,70,L,1,yes,2022,,
Seascape 2,5/27/22,larval dipnet,283,SCLTS,2.3,34,71,L,1,yes,2022,,
Seascape 2,5/27/22,larval dipnet,283,SCLTS,0.6,24,40,L,1,yes,2022,,
Seascape 2,5/27/22,larval dipnet,283,SCLTS,1.7,32,66,L,1,yes,2022,,
Seascape 2,5/27/22,larval dipnet,283,SCLTS,2,35,69,L,1,yes,2022,,
Seascape 2,5/27/22,larval dipnet,283,SCLTS,1.6,31,50,L,1,yes,2022,,
Seascape 1,5/27/22,larval dipnet,297,SCLTS,2.1,32,66,L,1,yes,2022,,
Seascape 1,5/27/22,larval dipnet,297,SCLTS,0.8,25,48,L,1,yes,2022,,
Seascape 1,5/27/22,larval dipnet,297,SCLTS,1.4,29,53,L,1,yes,2022,,
Seascape 1,5/27/22,larval dipnet,297,SCLTS,0.7,23,43,L,1,yes,2022,,
Seascape 1,5/27/22,larval dipnet,297,SCLTS,1.5,30,57,L,1,yes,2022,,
Seascape 1,5/27/22,larval dipnet,297,SCLTS,1.8,30,62,L,1,yes,2022,,
Seascape 1,5/27/22,larval dipnet,297,SCLTS,0.4,17,31,L,1,yes,2022,,
Valencia,6/4/22,larval dipnet,152,SCLTS,0.3,16,35,L,1,yes,2022,,
Valencia,6/4/22,larval dipnet,152,SCLTS,0.4,17,29,L,1,yes,2022,,
Valencia,6/4/22,larval dipnet,152,SCLTS,0.3,18,33,L,1,yes,2022,,
Delaney,5/23/2023,seine,3 5 m seine haul ,SCLTS,1.4,32,52,L,1,yes,2023,,
Delaney,5/23/2023,seine,,SCLTS,2.3,31,70,L,1,yes,2023,,
Delaney,5/23/2023,seine,,SCLTS,1.6,28,64,L,1,yes,2023,,
Delaney,5/23/2023,seine,,SCLTS,1.1,29,52,L,1,yes,2023,,
Delaney,5/23/2023,larval dipnet,,SCLTS,1.5,27,58,L,1,yes,2023,,
Delaney,5/23/2023,larval dipnet,,SCLTS,1.3,30,55,L,1,yes,2023,,
Delaney,5/23/2023,larval dipnet,,SCLTS,1.5,29,56,L,1,yes,2023,,
Delaney,5/23/2023,larval dipnet,,SCLTS,1.3,30,58,L,1,yes,2023,,
Delaney,5/23/2023,larval dipnet,,SCLTS,2.5,34,75,L,1,yes,2023,,
Delaney,5/23/2023,larval dipnet,,SCLTS,2.7,36,71,L,1,yes,2023,,
Delaney,5/23/2023,larval dipnet,,SCLTS,2.2,34,72,L,1,yes,2023,,
Delaney,5/23/2023,larval dipnet,,SCLTS,2.2,31,70,L,1,yes,2023,,
Delaney,5/23/2023,larval dipnet,,SCLTS,2.1,32,72,L,1,yes,2023,,
Delaney,5/23/2023,larval dipnet,,SCLTS,1.2,27,55,L,1,yes,2023,,
Delaney,5/23/2023,larval dipnet,,SCLTS,2,32,68,L,1,yes,2023,,
Delaney,5/23/2023,larval dipnet,,SCLTS,2.4,32,69,L,1,yes,2023,,
Delaney,5/23/2023,larval dipnet,,SCLTS,2.6,31,72,L,1,yes,2023,,
Delaney,5/23/2023,larval dipnet,,SCLTS,2.2,32,65,L,1,yes,2023,,
Delaney,5/23/2023,larval dipnet,,SCLTS,1.2,25,54,L,1,yes,2023,,
Delaney,5/23/2023,larval dipnet,,SCLTS,1,35,60,L,1,yes,2023,,
Delaney,5/23/2023,larval dipnet,,SCLTS,2.2,35,71,L,1,yes,2023,,
Delaney,5/23/2023,larval dipnet,,SCLTS,2.1,34,68,L,1,yes,2023,,
Delaney,5/23/2023,larval dipnet,,SCLTS,1,18,43,L,1,yes,2023,,
Delaney,5/23/2023,larval dipnet,,SCLTS,0.9,26,55,L,1,yes,2023,,
Delaney,5/23/2023,larval dipnet,,SCLTS,1.3,27,54,L,1,yes,2023,,
Ellicott,5/23/2023,larval dipnet,649,SCLTS,,,,,,,2023,,
Prospect,5/23/2023,larval dipnet,321,SCLTS,,,,,,,2023,,
Valencia,5/26/2023,larval dipnet,311,SCLTS,0.8,24,45,L,1,yes,2023,,
Valencia,5/26/2023,larval dipnet,311,SCLTS,0.7,21,40,L,1,yes,2023,,
Valencia,5/26/2023,larval dipnet,311,SCLTS,0.9,21,47,L,1,yes,2023,,
Valencia,5/26/2023,larval dipnet,311,SCLTS,1.1,23,45,L,1,yes,2023,,
Valencia,5/26/2023,larval dipnet,311,SCLTS,1.1,24,44,L,1,yes,2023,,
Valencia,5/26/2023,larval dipnet,311,SCLTS,0.8,23,45,L,1,yes,2023,,
Valencia,5/26/2023,larval dipnet,311,SCLTS,0.9,23,45,L,1,yes,2023,,
Valencia,5/26/2023,larval dipnet,311,SCLTS,0.7,23,41,L,1,yes,2023,,
Valencia,5/26/2023,larval dipnet,311,SCLTS,1,24,46,L,1,yes,2023,,
Valencia,5/26/2023,larval dipnet,311,SCLTS,1.4,27,54,L,1,yes,2023,,
Valencia,5/26/2023,seine,1 half seine,SCLTS,0.3,11,28,L,1,yes,2023,,
Valencia,5/26/2023,density dipnet,60,SCLTS,1.3,25,50,L,1,yes,2023,,
Valencia,5/26/2023,density dipnet,60,SCLTS,1,27,50,L,1,yes,2023,,
Valencia,5/26/2023,density dipnet,60,SCLTS,0.5,20,38,L,1,yes,2023,,
Valencia,5/26/2023,density dipnet,60,SCLTS,0.4,19,35,L,1,yes,2023,,
Valencia,5/26/2023,density dipnet,60,SCLTS,1,25,45,L,1,yes,2023,,
Valencia,5/26/2023,density dipnet,60,SCLTS,0.7,20,38,L,1,yes,2023,,
Valencia,5/26/2023,density dipnet,60,SCLTS,0.8,23,43,L,1,yes,2023,,
Valencia,5/26/2023,density dipnet,60,SCLTS,0.7,24,43,L,1,yes,2023,,
Valencia,5/26/2023,density dipnet,60,SCLTS,0.9,28,50,L,1,yes,2023,,
Valencia,5/26/2023,density dipnet,60,SCLTS,0.9,23,45,L,1,yes,2023,,
Valencia,5/26/2023,density dipnet,60,SCLTS,0.8,19,38,L,1,yes,2023,,
Valencia,5/26/2023,density dipnet,60,SCLTS,0.6,20,40,L,1,yes,2023,,
Valencia,5/26/2023,density dipnet,60,SCLTS,0.7,22,44,L,1,yes,2023,,
Valencia,5/26/2023,density dipnet,60,SCLTS,1.1,26,51,L,1,yes,2023,,
Valencia,5/26/2023,density dipnet,60,SCLTS,0.5,20,36,L,1,yes,2023,,
Seascape 1,5/26/2023,density dipnet,65,SCLTS,2.6,37,63,L,1,yes,2023,,
Seascape 1,5/26/2023,density dipnet,65,SCLTS,1.6,27,56,L,1,yes,2023,,
Seascape 1,5/26/2023,density dipnet,65,SCLTS,1.8,31,59,L,1,yes,2023,,
Seascape 1,5/26/2023,larval dipnet,216,SCLTS,2.4,34,69,L,1,yes,2023,,
Seascape 1,5/26/2023,larval dipnet,216,SCLTS,3,36,70,L,1,yes,2023,,
Seascape 1,5/26/2023,larval dipnet,216,SCLTS,2.4,31,67,L,1,yes,2023,,
Seascape 1,5/26/2023,larval dipnet,216,SCLTS,2.4,34,64,L,1,yes,2023,,
Seascape 1,5/26/2023,larval dipnet,216,SCLTS,2.4,31,63,L,1,yes,2023,,
Seascape 1,5/26/2023,larval dipnet,216,SCLTS,2.3,30,61,L,1,yes,2023,,
Seascape 1,5/26/2023,larval dipnet,216,SCLTS,3.2,37,71,L,1,yes,2023,,
Seascape 1,5/26/2023,larval dipnet,216,SCLTS,2.7,35,70,L,1,yes,2023,,
Seascape 1,5/26/2023,larval dipnet,216,SCLTS,3.1,33,68,L,1,yes,2023,,
Seascape 1,5/26/2023,larval dipnet,216,SCLTS,2.8,33,67,L,1,yes,2023,,
Seascape 1,5/26/2023,larval dipnet,216,SCLTS,1.3,22,45,L,1,yes,2023,,
Seascape 1,5/26/2023,larval dipnet,216,SCLTS,2.2,31,62,L,1,yes,2023,,
Seascape 1,5/26/2023,larval dipnet,216,SCLTS,1.7,31,55,L,1,yes,2023,,
Seascape 1,5/26/2023,larval dipnet,216,SCLTS,1.9,33,61,L,1,yes,2023,,
Seascape 1,5/26/2023,larval dipnet,216,SCLTS,3.1,34,66,L,1,yes,2023,,
Seascape 1,5/26/2023,larval dipnet,216,SCLTS,2.8,34,68,L,1,yes,2023,,
Seascape 1,5/26/2023,larval dipnet,216,SCLTS,3.6,39,76,L,1,yes,2023,,
Seascape 1,5/26/2023,larval dipnet,216,SCLTS,2.8,34,70,L,1,yes,2023,,
Seascape 1,5/26/2023,larval dipnet,216,SCLTS,2.5,34,64,L,1,yes,2023,,
Seascape 1,5/26/2023,larval dipnet,216,SCLTS,2.3,31,70,L,1,yes,2023,,
Seascape 1,5/26/2023,larval dipnet,216,SCLTS,2.3,31,65,L,1,yes,2023,,
Seascape 1,5/26/2023,larval dipnet,216,SCLTS,1.8,26,56,L,1,yes,2023,,
Seascape 3,5/26/2023,density dipnet,50,SCLTS,0.3,21,37,L,1,yes,2023,,
Seascape 3,5/26/2023,larval dipnet,159,SCLTS,1,25,47,L,1,yes,2023,,
Seascape 3,5/26/2023,larval dipnet,159,SCLTS,0.8,27,47,L,1,yes,2023,,
Seascape 3,5/26/2023,larval dipnet,159,SCLTS,,22,33,L,1,yes,2023,,
Seascape 3,5/26/2023,larval dipnet,159,SCLTS,0.2,17,32,L,1,yes,2023,,
Seascape 3,5/26/2023,larval dipnet,159,SCLTS,0.6,21,38,L,1,yes,2023,,
Seascape 3,5/26/2023,larval dipnet,159,SCLTS,,15,23,L,1,yes,2023,,
Willow Canyon,5/26/2023,density dipnet,54,SCLTS,,28,50,L,1,yes,2023,,
Willow Canyon,5/26/2023,density dipnet,54,SCLTS,,31,60,L,1,yes,2023,,
Willow Canyon,5/26/2023,density dipnet,54,SCLTS,,24,49,L,1,yes,2023,,
Willow Canyon,5/26/2023,density dipnet,54,SCLTS,,33,56,L,1,yes,2023,,
Willow Canyon,5/26/2023,density dipnet,54,SCLTS,,24,43,L,1,yes,2023,,
Willow Canyon,5/26/2023,density dipnet,54,SCLTS,,32,65,L,1,yes,2023,,
Willow Canyon,5/26/2023,density dipnet,54,SCLTS,,32,67,L,1,yes,2023,,
Willow Canyon,5/26/2023,density dipnet,54,SCLTS,,27,53,L,1,yes,2023,,
Willow Canyon,5/26/2023,density dipnet,54,SCLTS,,15,32,L,1,yes,2023,,
Willow Canyon,5/26/2023,density dipnet,54,SCLTS,,33,66,L,1,yes,2023,,
Willow Canyon,5/26/2023,density dipnet,54,SCLTS,,31,54,L,1,yes,2023,,
Willow Canyon,5/26/2023,density dipnet,54,SCLTS,,26,53,L,1,yes,2023,,
Willow Canyon,5/26/2023,density dipnet,54,SCLTS,,19,44,L,1,yes,2023,,
Willow Canyon,5/26/2023,density dipnet,54,SCLTS,,27,52,L,1,yes,2023,,
Willow Canyon,5/26/2023,density dipnet,54,SCLTS,,24,49,L,1,yes,2023,,
Willow Canyon,5/26/2023,density dipnet,54,SCLTS,,18,28,L,1,yes,2023,,
Willow Canyon,5/26/2023,density dipnet,54,SCLTS,,21,42,L,1,yes,2023,,
Willow Canyon,5/26/2023,density dipnet,54,SCLTS,,22,42,L,1,yes,2023,,
Willow Canyon,5/26/2023,density dipnet,54,SCLTS,,35,60,L,1,yes,2023,,
Willow Canyon,5/26/2023,density dipnet,54,SCLTS,,24,47,L,1,yes,2023,,
Willow Canyon,5/26/2023,density dipnet,54,SCLTS,,23,43,L,1,yes,2023,,
Willow Canyon,5/26/2023,density dipnet,54,SCLTS,,22,42,L,1,yes,2023,,
Willow Canyon,5/26/2023,density dipnet,54,SCLTS,,25,49,L,1,yes,2023,,
Willow Canyon,5/26/2023,density dipnet,54,SCLTS,,21,37,L,1,yes,2023,,
Willow Canyon,5/26/2023,density dipnet,54,SCLTS,,27,54,L,1,yes,2023,,
Seascape 2,5/26/2023,density dipnet,50,SCLTS,0.8,25,46,L,1,,2023,,
Seascape 2,5/26/2023,density dipnet,50,SCLTS,1.6,32,56,L,1,,2023,,
Seascape 2,5/26/2023,density dipnet,50,SCLTS,2.2,35,68,L,1,,2023,,
Seascape 2,5/26/2023,density dipnet,50,SCLTS,1.5,30,58,L,1,,2023,,
Seascape 2,5/26/2023,benthic sample,1 m2,SCLTS,1.6,29,59,L,1,,2023,,
Seascape 2,5/26/2023,density dipnet,50,SCLTS,1.1,26,51,L,1,,2023,,
Seascape 2,5/26/2023,density dipnet,50,SCLTS,1,26,52,L,1,,2023,,
Seascape 2,5/26/2023,density dipnet,50,SCLTS,1.7,30,56,L,1,,2023,,
Seascape 2,5/26/2023,density dipnet,50,SCLTS,1.8,33,56,L,1,,2023,,
Seascape 2,5/26/2023,density dipnet,50,SCLTS,1.7,30,61,L,1,,2023,,
Seascape 2,5/26/2023,density dipnet,50,SCLTS,1.7,30,56,L,1,,2023,,
Seascape 2,5/26/2023,larval dipnet,122,SCLTS,1.2,27,54,L,1,,2023,,
Seascape 2,5/26/2023,larval dipnet,122,SCLTS,1.2,26,53,L,1,,2023,,
Seascape 2,5/26/2023,larval dipnet,122,SCLTS,1.2,28,55,L,1,,2023,,
Seascape 2,5/26/2023,larval dipnet,122,SCLTS,1.5,30,57,L,1,,2023,,
Seascape 2,5/26/2023,larval dipnet,122,SCLTS,1.4,29,60,L,1,,2023,,
Seascape 2,5/26/2023,larval dipnet,122,SCLTS,0.8,26,46,L,1,,2023,,
Seascape 2,5/26/2023,larval dipnet,122,SCLTS,1.1,24,47,L,1,,2023,,
Seascape 2,5/26/2023,larval dipnet,122,SCLTS,0.8,23,45,L,1,,2023,,
Seascape 2,5/26/2023,larval dipnet,122,SCLTS,0.8,23,41,L,1,,2023,,
Seascape 2,5/26/2023,larval dipnet,122,SCLTS,1.6,29,60,L,1,,2023,,
Seascape 2,5/26/2023,larval dipnet,122,SCLTS,1,27,50,L,1,,2023,,
Seascape 2,5/26/2023,larval dipnet,122,SCLTS,0.5,21,41,L,1,,2023,,
Seascape 2,5/26/2023,larval dipnet,122,SCLTS,0.5,19,37,L,1,,2023,,
Seascape 2,5/26/2023,larval dipnet,122,SCLTS,0.8,24,48,L,1,,2023,,
Upper Cattail,5/29/2023,,,SCLTS,2.2,29,58,L,1,yes,2023,,
Upper Cattail,5/29/2023,,,SCLTS,2.3,32,69,L,1,yes,2023,,
Upper Cattail,5/29/2023,,,SCLTS,1.1,24,53,L,1,yes,2023,,
Upper Cattail,5/29/2023,,,SCLTS,2,32,62,L,1,yes,2023,,
Upper Cattail,5/29/2023,,,SCLTS,2.4,32,61,L,1,yes,2023,,
Upper Cattail,5/29/2023,,,SCLTS,2.4,37,71,L,1,yes,2023,,
Upper Cattail,5/29/2023,,,SCLTS,1.8,33,64,L,1,yes,2023,,
Upper Cattail,5/29/2023,,,SCLTS,2.2,32,66,L,1,yes,2023,,
Upper Cattail,5/29/2023,,,SCLTS,2.6,35,76,L,1,yes,2023,,
Upper Cattail,5/29/2023,,,SCLTS,1.5,30,55,L,1,yes,2023,,
Upper Cattail,5/29/2023,,,SCLTS,1.8,31,60,L,1,yes,2023,,
Upper Cattail,5/29/2023,,,SCLTS,1.5,29,50,L,1,yes,2023,,
Upper Cattail,5/29/2023,,,SCLTS,2.1,36,70,L,1,yes,2023,,
Upper Cattail,5/29/2023,,,SCLTS,1.5,31,59,L,1,yes,2023,,
Upper Cattail,5/29/2023,,,SCLTS,2.2,37,52,L,1,yes,2023,,
Upper Cattail,5/29/2023,,,SCLTS,1.8,29,60,L,1,yes,2023,,
Upper Cattail,5/29/2023,,,SCLTS,2.8,35,75,L,1,yes,2023,,
Upper Cattail,5/29/2023,,,SCLTS,1.5,32,51,L,1,yes,2023,,
Upper Cattail,5/29/2023,,,SCLTS,2.3,35,74,L,1,yes,2023,,
Upper Cattail,5/29/2023,,,SCLTS,2.5,38,74,L,1,yes,2023,,
Upper Cattail,5/29/2023,,,SCLTS,2.3,35,70,L,1,yes,2023,,
Upper Cattail,5/29/2023,,,SCLTS,2.3,35,69,L,1,yes,2023,,
Upper Cattail,5/29/2023,,,SCLTS,1.2,30,55,L,1,yes,2023,,
Upper Cattail,5/29/2023,,,SCLTS,1.2,29,48,L,1,yes,2023,,
Upper Cattail,5/29/2023,,,SCLTS,1.2,30,58,L,1,yes,2023,,
Upper Cattail,5/29/2023,,,SCLTS,1.8,34,59,L,1,yes,2023,,
Upper Cattail,5/29/2023,,,SCLTS,1.9,34,66,L,1,yes,2023,,
Lower Cattail,5/29/2023,larval seine,20,SCLTS,2.9,36,70,L,1,yes,2023,,
Lower Cattail,5/29/2023,larval seine,20,SCLTS,1.6,35,61,L,1,yes,2023,,
Calabasas,5/30/2023,,,SCLTS,1.7,30,63,L,1,yes,2023,,
Calabasas,5/30/2023,,,SCLTS,0.9,26,45,L,1,yes,2023,,
Calabasas,5/30/2023,,,SCLTS,0.8,27,53,L,1,yes,2023,,
Calabasas,5/30/2023,,,SCLTS,2.1,33,60,L,1,yes,2023,,
Calabasas,5/30/2023,,,SCLTS,0.8,27,56,L,1,yes,2023,,
Calabasas,5/30/2023,,,SCLTS,1.5,32,59,L,1,yes,2023,,
Calabasas,5/30/2023,,,SCLTS,0.7,26,50,L,1,yes,2023,,
Calabasas,5/30/2023,,,SCLTS,2.2,33,71,L,1,yes,2023,,
Calabasas,5/30/2023,,,SCLTS,1.5,33,59,L,1,yes,2023,,
Calabasas,5/30/2023,,,SCLTS,1.4,26,55,L,1,yes,2023,,
Calabasas,5/30/2023,,,SCLTS,0.6,24,42,L,1,yes,2023,,
Calabasas,5/30/2023,,,SCLTS,1,25,53,L,1,yes,2023,,
Calabasas,5/30/2023,,,SCLTS,1.4,30,55,L,1,yes,2023,,
Calabasas,5/30/2023,,,SCLTS,1.5,29,62,L,1,yes,2023,,
Calabasas,5/30/2023,,,SCLTS,1,26,52,L,1,yes,2023,,
Calabasas,5/30/2023,,,SCLTS,1.2,31,57,L,1,yes,2023,,
Calabasas,5/30/2023,,,SCLTS,0.9,30,56,L,1,yes,2023,,
Calabasas,5/30/2023,,,SCLTS,1.1,26,52,L,1,yes,2023,,
Calabasas,5/30/2023,,,SCLTS,1.5,33,58,L,1,yes,2023,,
Calabasas,5/30/2023,,,SCLTS,2.1,32,66,L,1,yes,2023,,
Calabasas,5/30/2023,,,SCLTS,0.8,25,44,L,1,yes,2023,,
Calabasas,5/30/2023,,,SCLTS,1.3,32,59,L,1,yes,2023,,
Calabasas,5/30/2023,,,SCLTS,2.4,31,69,L,1,yes,2023,,
Calabasas,5/30/2023,,,SCLTS,2.2,35,60,L,1,yes,2023,,
Calabasas,5/30/2023,,,SCLTS,0.9,26,52,L,1,yes,2023,,
Calabasas,5/30/2023,,,SCLTS,1.2,29,55,L,1,yes,2023,,
Racehorse,5/30/2023,larval seine,6 hauls,SCLTS,2.7,34,60,L,1,yes,2023,,
Racehorse,5/30/2023,larval seine,6 hauls,SCLTS,2.6,33,76,L,1,yes,2023,,
Racehorse,5/30/2023,larval seine,6 hauls,SCLTS,2.4,33,71,L,1,yes,2023,,
Racehorse,5/30/2023,larval seine,6 hauls,SCLTS,3,33,75,L,1,yes,2023,,
Racehorse,5/30/2023,larval seine,6 hauls,SCLTS,2.2,38,78,L,1,yes,2023,,
Racehorse,5/30/2023,larval seine,6 hauls,SCLTS,2.7,34,75,L,1,yes,2023,,
Racehorse,5/30/2023,larval seine,6 hauls,SCLTS,3,34,72,L,1,yes,2023,,
Racehorse,5/30/2023,larval seine,6 hauls,SCLTS,1.5,31,63,L,1,yes,2023,,
Racehorse,5/30/2023,larval seine,6 hauls,SCLTS,2.5,31,74,L,1,yes,2023,,
Racehorse,5/30/2023,larval seine,6 hauls,SCLTS,1.5,30,59,L,1,yes,2023,,
Racehorse,5/30/2023,larval seine,6 hauls,SCLTS,2,31,65,L,1,yes,2023,,
Racehorse,5/30/2023,larval seine,6 hauls,SCLTS,3.2,38,79,L,1,yes,2023,,
Racehorse,5/30/2023,larval seine,6 hauls,SCLTS,2.9,38,75,L,1,yes,2023,,
Racehorse,5/30/2023,larval seine,6 hauls,SCLTS,3.2,41,83,L,1,yes,2023,,
Racehorse,5/30/2023,larval seine,6 hauls,SCLTS,1.8,32,65,L,1,yes,2023,,
Racehorse,5/30/2023,larval seine,6 hauls,SCLTS,3.6,38,85,L,1,yes,2023,,
Racehorse,5/30/2023,larval seine,6 hauls,SCLTS,2.3,32,73,L,1,yes,2023,,
Racehorse,5/30/2023,larval seine,6 hauls,SCLTS,2.1,31,70,L,1,yes,2023,,
Racehorse,5/30/2023,larval seine,6 hauls,SCLTS,2.7,37,74,L,1,yes,2023,,
Racehorse,5/30/2023,larval seine,6 hauls,SCLTS,2.3,35,72,L,1,yes,2023,,
Racehorse,5/30/2023,larval seine,6 hauls,SCLTS,3.4,41,79,L,1,yes,2023,,
Racehorse,5/30/2023,larval seine,6 hauls,SCLTS,3,36,78,L,1,yes,2023,,
Racehorse,5/30/2023,larval seine,6 hauls,SCLTS,1.7,31,64,L,1,yes,2023,,
Racehorse,5/30/2023,larval seine,6 hauls,SCLTS,2.3,31,70,L,1,yes,2023,,
Racehorse,5/30/2023,larval seine,6 hauls,SCLTS,2.5,35,74,L,1,yes,2023,,
Suess,5/30/2023,larval dipnet,111,SCLTS,1.7,30,59,L,1,yes,2023,,
Suess,5/30/2023,larval dipnet,111,SCLTS,1.5,30,53,L,1,yes,2023,,
Suess,5/30/2023,larval dipnet,111,SCLTS,2.2,35,70,L,1,yes,2023,,
Suess,5/30/2023,larval dipnet,111,SCLTS,1.1,20,53,L,1,yes,2023,,
Suess,5/30/2023,larval dipnet,111,SCLTS,1.4,31,61,L,1,yes,2023,,
Suess,5/30/2023,larval dipnet,111,SCLTS,2.1,34,66,L,1,yes,2023,,
Suess,5/30/2023,larval dipnet,111,SCLTS,0.8,25,47,L,1,yes,2023,,
Suess,5/30/2023,larval dipnet,111,SCLTS,1.5,28,51,L,1,yes,2023,,
Suess,5/30/2023,larval dipnet,111,SCLTS,0.9,25,48,L,1,yes,2023,,
Suess,5/30/2023,larval dipnet,111,SCLTS,1.3,27,53,L,1,yes,2023,,
Suess,5/30/2023,larval dipnet,111,SCLTS,1.7,32,63,L,1,yes,2023,,
Suess,5/30/2023,larval dipnet,111,SCLTS,1.5,33,64,L,1,yes,2023,,
Suess,5/30/2023,larval dipnet,111,SCLTS,2,32,67,L,1,yes,2023,,
Suess,5/30/2023,larval dipnet,111,SCLTS,1.5,20,59,L,1,yes,2023,,
Suess,5/30/2023,larval dipnet,111,SCLTS,0.6,17,43,L,1,yes,2023,,
Suess,5/30/2023,larval dipnet,111,SCLTS,1.5,31,60,L,1,yes,2023,,
Suess,5/30/2023,larval dipnet,111,SCLTS,1.5,31,58,L,1,yes,2023,,
Suess,5/30/2023,larval dipnet,111,SCLTS,1.4,25,52,L,1,yes,2023,,
Suess,5/30/2023,larval dipnet,111,SCLTS,2.1,32,67,L,1,yes,2023,,
Suess,5/30/2023,larval dipnet,111,SCLTS,1.2,29,58,L,1,yes,2023,,
Suess,5/30/2023,larval dipnet,111,SCLTS,2,32,64,L,1,yes,2023,,
Suess,5/30/2023,larval dipnet,111,SCLTS,1.9,28,66,L,1,yes,2023,,
Suess,5/30/2023,larval dipnet,111,SCLTS,1.9,32,65,L,1,yes,2023,,
Suess,5/30/2023,larval dipnet,111,SCLTS,1.1,26,54,L,1,yes,2023,,
Suess,5/30/2023,larval dipnet,111,SCLTS,1.2,26,55,L,1,yes,2023,,
Suess,5/30/2023,larval dipnet,111,SCLTS,0.5,21,40,L,1,yes,2023,,
Suess,5/30/2023,larval dipnet,111,SCLTS,0.9,26,50,L,1,yes,2023,,
Buena Vista 1,5/31/2023,larval dipnet,253,SCLTS,,,,,,,2023,,
Buena Vista 1,5/31/2023,seine,15 standard hauls,SCLTS,,,,,,,2023,,
North County Park,5/31/2023,larval dipnet,206,SCLTS,1.8,29,63,L,1,yes,2023,,
North County Park,5/31/2023,larval dipnet,206,SCLTS,2.4,35,75,L,1,yes,2023,,
North County Park,5/31/2023,larval dipnet,206,SCLTS,2.8,37,75,L,1,yes,2023,,
North County Park,5/31/2023,larval dipnet,206,SCLTS,1,19,47,L,1,yes,2023,,
North County Park,5/31/2023,larval dipnet,206,SCLTS,1,24,47,L,1,yes,2023,,
North County Park,5/31/2023,larval dipnet,206,SCLTS,1.4,25,56,L,1,yes,2023,,
North County Park,5/31/2023,larval dipnet,206,SCLTS,2.4,35,72,L,1,yes,2023,,
North County Park,5/31/2023,larval seine,22,SCLTS,1.8,32,60,L,1,yes,2023,,
North County Park,5/31/2023,larval seine,22,SCLTS,3,35,77,L,1,yes,2023,,
North County Park,5/31/2023,larval seine,22,SCLTS,1.1,23,42,L,1,yes,2023,,
North County Park,5/31/2023,larval seine,22,SCLTS,2,34,67,L,1,yes,2023,,
North County Park,5/31/2023,larval seine,22,SCLTS,1.5,26,63,L,1,yes,2023,,
North County Park,5/31/2023,larval seine,22,SCLTS,1.4,30,57,L,1,yes,2023,,
North County Park,5/31/2023,larval seine,22,SCLTS,1.1,26,55,L,1,yes,2023,,
North County Park,5/31/2023,larval seine,22,SCLTS,1.5,30,60,L,1,yes,2023,,
North County Park,5/31/2023,larval seine,22,SCLTS,1.1,27,56,L,1,yes,2023,,
North County Park,5/31/2023,larval seine,22,SCLTS,1,24,50,L,1,yes,2023,,
North County Park,5/31/2023,larval seine,22,SCLTS,2.6,39,75,L,1,yes,2023,,
North County Park,5/31/2023,larval seine,22,SCLTS,2.4,35,72,L,1,yes,2023,,
North County Park,5/31/2023,larval seine,22,SCLTS,2.3,34,74,L,1,yes,2023,,
North County Park,5/31/2023,larval seine,22,SCLTS,1.9,31,64,L,1,yes,2023,,
North County Park,5/31/2023,larval seine,22,SCLTS,1.8,32,68,L,1,yes,2023,,
North County Park,5/31/2023,larval seine,22,SCLTS,1,25,51,L,1,yes,2023,,
North County Park,5/31/2023,larval seine,22,SCLTS,1.7,32,65,L,1,yes,2023,,
North County Park,5/31/2023,larval seine,22,SCLTS,0.8,23,48,L,1,yes,2023,,
North County Park,5/31/2023,larval seine,22,SCLTS,1.8,32,66,L,1,yes,2023,,
North County Park,5/31/2023,larval seine,22,SCLTS,0.7,21,45,L,1,yes,2023,,
Buena Vista 2,5/31/2023,larval seine,120m of seine,SCLTS,3.9,42,80,L,2,yes,2023,,
Buena Vista 2,5/31/2023,larval seine,120m of seine,SCLTS,2.4,39,65,L,4,yes,2023,,
Buena Vista 2,5/31/2023,larval seine,120m of seine,SCLTS,3,36,72,L,3,yes,2023,,
Buena Vista 2,5/31/2023,larval seine,120m of seine,SCLTS,3.2,44,86,L,1,yes,2023,,
Buena Vista 2,5/31/2023,larval seine,120m of seine,SCLTS,3.3,34,72,L,1,yes,2023,,
Buena Vista 2,5/31/2023,larval seine,120m of seine,SCLTS,2.3,43,76,L,3,yes,2023,,
Buena Vista 2,5/31/2023,larval seine,120m of seine,SCLTS,2.4,41,78,L,4,yes,2023,,
Buena Vista 2,5/31/2023,larval seine,120m of seine,SCLTS,3.2,41,81,L,2,yes,2023,,
Buena Vista 2,5/31/2023,larval seine,120m of seine,SCLTS,3.8,38,80,L,2,yes,2023,,
Buena Vista 2,5/31/2023,larval seine,120m of seine,SCLTS,2.8,39,59,L,1,no,2023,,
Buena Vista 2,5/31/2023,larval seine,120m of seine,SCLTS,2.7,39,76,L,1,yes,2023,,
Buena Vista 2,5/31/2023,larval seine,120m of seine,SCLTS,2.6,42,76,L,3,yes,2023,,
Buena Vista 2,5/31/2023,larval seine,120m of seine,SCLTS,3.6,42,68,L,2,no,2023,,
Buena Vista 2,5/31/2023,larval seine,120m of seine,SCLTS,2.7,42,75,L,3,yes,2023,,
Buena Vista 2,5/31/2023,larval seine,120m of seine,SCLTS,3.4,41,84,L,1,yes,2023,,
Buena Vista 2,5/31/2023,larval seine,120m of seine,SCLTS,3.7,41,84,L,3,yes,2023,,
Buena Vista 2,5/31/2023,larval seine,120m of seine,SCLTS,1.8,36,56,L,1,no,2023,,
Buena Vista 2,5/31/2023,larval seine,120m of seine,SCLTS,3,42,85,L,2,yes,2023,,
Buena Vista 2,5/31/2023,larval seine,120m of seine,SCLTS,3.3,43,70,L,2,no,2023,,
Buena Vista 2,5/31/2023,larval seine,120m of seine,SCLTS,2.6,40,71,L,4,yes,2023,,
Buena Vista 2,5/31/2023,larval seine,120m of seine,SCLTS,2.9,40,74,L,2,yes,2023,,
Buena Vista 2,5/31/2023,larval seine,120m of seine,SCLTS,2.9,42,81,L,2,yes,2023,,
Buena Vista 2,5/31/2023,larval seine,120m of seine,SCLTS,3.2,40,72,L,1,yes,2023,,
Buena Vista 2,5/31/2023,larval seine,120m of seine,SCLTS,2.9,41,75,L,1,yes,2023,,
Buena Vista 2,5/31/2023,larval seine,120m of seine,SCLTS,3,40,84,L,3,yes,2023,,
Oxbow,6/1/2023,larval seine,90 m,SCLTS,2,35,70,L,1,yes,2023,,
Oxbow,6/1/2023,larval seine,90 m,SCLTS,1.2,30,58,L,1,yes,2023,,
Carneros 2,6/1/2023,larval dipnet,185,SCLTS,2.7,37,70,L,1,yes,2023,,
Carneros 2,6/1/2023,larval seine,3 5m seines,SCLTS,2.4,32,69,L,1,yes,2023,,
Carneros 2,6/1/2023,larval seine,3 5m seines,SCLTS,2.5,36,73,L,1,yes,2023,,
Carneros 1,6/1/2023,larval dipnet,380,SCLTS,2.6,23,65,L,1,yes,2023,,
Carneros 1,6/1/2023,larval dipnet,380,SCLTS,2.7,34,71,L,1,yes,2023,,
Carneros 1,6/1/2023,larval dipnet,380,SCLTS,2.5,34,74,L,1,yes,2023,,
Carneros 1,6/1/2023,larval dipnet,380,SCLTS,2.2,35,69,L,1,yes,2023,,
Carneros 1,6/1/2023,larval dipnet,380,SCLTS,2.9,35,73,L,1,yes,2023,,
Carneros 1,6/1/2023,larval dipnet,380,SCLTS,2.5,35,72,L,1,yes,2023,,
Carneros 1,6/1/2023,larval dipnet,380,SCLTS,2.6,35,71,L,1,yes,2023,,
Carneros 1,6/1/2023,larval dipnet,380,SCLTS,2.4,34,70,L,1,yes,2023,,
Carneros 1,6/1/2023,larval dipnet,380,SCLTS,2.3,32,67,L,1,yes,2023,,
Carneros 1,6/1/2023,larval dipnet,380,SCLTS,2.4,36,70,L,1,yes,2023,,
Carneros 1,6/1/2023,larval dipnet,380,SCLTS,2.8,35,77,L,1,yes,2023,,
Carneros 1,6/1/2023,larval dipnet,380,SCLTS,2.7,37,73,L,1,yes,2023,,
Carneros 1,6/1/2023,larval dipnet,380,SCLTS,1.9,32,68,L,1,yes,2023,,
Carneros 1,6/1/2023,larval dipnet,380,SCLTS,2.5,32,70,L,1,yes,2023,,
Carneros 1,6/1/2023,larval dipnet,380,SCLTS,2.9,37,76,L,1,yes,2023,,
Carneros 1,6/1/2023,larval dipnet,380,SCLTS,2.4,33,75,L,1,yes,2023,,
Carneros 1,6/1/2023,larval dipnet,380,SCLTS,2.5,37,73,L,1,yes,2023,,
Carneros 1,6/1/2023,larval dipnet,380,SCLTS,2.8,37,74,L,1,yes,2023,,
Carneros 1,6/1/2023,larval dipnet,380,SCLTS,1.7,28,57,L,1,yes,2023,,
Carneros 1,6/1/2023,larval dipnet,380,SCLTS,2.2,34,69,L,1,yes,2023,,
Carneros 1,6/1/2023,larval dipnet,380,SCLTS,2.3,35,68,L,1,yes,2023,,
Carneros 1,6/1/2023,larval dipnet,380,SCLTS,0.8,25,46,L,1,yes,2023,,
Carneros 1,6/1/2023,density dipnet,52,SCLTS,,,,L,1,no,2023,,
Pond R,6/1/2023,density dipnet,59,SCLTS,1.7,30,65,L,1,yes,2023,,
Pond R,6/1/2023,density dipnet,59,SCLTS,2.2,29,62,L,1,yes,2023,,
Pond R,6/1/2023,density dipnet,59,SCLTS,2.3,30,68,L,1,yes,2023,,
Pond R,6/1/2023,density dipnet,59,SCLTS,2.6,33,67,L,1,yes,2023,,
Pond R,6/1/2023,density dipnet,59,SCLTS,2.1,32,62,L,1,yes,2023,,
Pond R,6/1/2023,density dipnet,59,SCLTS,2.3,32,57,L,1,yes,2023,,
Pond R,6/1/2023,density dipnet,59,SCLTS,1.9,30,64,L,1,yes,2023,,
Pond R,6/1/2023,density dipnet,59,SCLTS,2,32,66,L,1,yes,2023,,
Pond R,6/1/2023,density dipnet,59,SCLTS,1.9,32,74,L,1,yes,2023,,
Pond R,6/1/2023,density dipnet,59,SCLTS,2.1,35,70,L,1,yes,2023,,
Pond R,6/1/2023,density dipnet,59,SCLTS,2.3,34,75,L,1,yes,2023,,
Pond R,6/1/2023,density dipnet,59,SCLTS,2.2,32,69,L,1,yes,2023,,
Pond R,6/1/2023,density dipnet,59,SCLTS,2.6,35,72,L,1,yes,2023,,
Pond R,6/1/2023,density dipnet,59,SCLTS,2.6,29,58,L,1,no,2023,,
Pond R,6/1/2023,density dipnet,59,SCLTS,2.3,35,65,L,1,yes,2023,,
Pond R,6/1/2023,density dipnet,59,SCLTS,1.1,24,50,L,1,yes,2023,,
Pond R,6/1/2023,density dipnet,59,SCLTS,1.9,30,58,L,1,yes,2023,,
Pond R,6/1/2023,density dipnet,59,SCLTS,2.3,36,67,L,1,yes,2023,,
Pond R,6/1/2023,density dipnet,59,SCLTS,2.2,31,71,L,1,yes,2023,,
Pond R,6/1/2023,density dipnet,59,SCLTS,1.9,30,49,L,1,no,2023,,
Pond R,6/1/2023,density dipnet,59,SCLTS,1.7,31,57,L,1,yes,2023,,
Pond R,6/1/2023,density dipnet,59,SCLTS,1.8,32,62,L,1,yes,2023,,
Pond R,6/1/2023,density dipnet,59,SCLTS,2.3,34,70,L,1,yes,2023,,
Pond R,6/1/2023,density dipnet,59,SCLTS,1.8,33,59,L,1,yes,2023,,
Pond R,6/1/2023,density dipnet,59,SCLTS,1.5,31,62,L,1,yes,2023,,
Pond O,6/1/2023,density dipnet,58,SCLTS,1.6,31,62,L,1,yes,2023,,
Pond O,6/1/2023,density dipnet,58,SCLTS,1.3,31,62,L,1,yes,2023,,
Pond O,6/1/2023,density dipnet,58,SCLTS,2.1,34,71,L,1,yes,2023,,
Pond O,6/1/2023,density dipnet,58,SCLTS,1.9,33,52,L,1,yes,2023,,
Pond O,6/1/2023,density dipnet,58,SCLTS,1.9,31,65,L,1,yes,2023,,
Pond O,6/1/2023,density dipnet,58,SCLTS,1.9,30,67,L,1,yes,2023,,
Pond O,6/1/2023,density dipnet,58,SCLTS,2.1,29,59,L,1,yes,2023,,
Pond O,6/1/2023,density dipnet,58,SCLTS,2.7,36,65,L,1,yes,2023,,
Pond O,6/1/2023,density dipnet,58,SCLTS,1.5,29,51,L,1,yes,2023,,
Pond O,6/1/2023,density dipnet,58,SCLTS,2.1,34,67,L,1,yes,2023,,
Pond O,6/1/2023,larval dipnet,116,SCLTS,1.8,31,45,L,1,no,2023,,
Pond O,6/1/2023,larval dipnet,116,SCLTS,2.1,33,70,L,1,yes,2023,,
Pond O,6/1/2023,larval dipnet,116,SCLTS,2.4,32,66,L,1,yes,2023,,
Pond O,6/1/2023,larval dipnet,116,SCLTS,1.8,29,65,L,1,yes,2023,,
Pond O,6/1/2023,larval dipnet,116,SCLTS,1.6,34,59,L,1,no,2023,,
Pond O,6/1/2023,seine,"2 half width, 4m hauls",SCLTS,2.3,35,71,L,1,yes,2023,,
Pond O,6/1/2023,seine,"3 half width, 4m hauls",SCLTS,1.6,31,65,L,1,yes,2023,,
Pond O,6/1/2023,seine,"4 half width, 4m hauls",SCLTS,1.9,32,66,L,1,yes,2023,,
Pond O,6/1/2023,seine,"5 half width, 4m hauls",SCLTS,1.7,31,60,L,1,yes,2023,,
Pond O,6/1/2023,seine,"6 half width, 4m hauls",SCLTS,1.4,27,55,L,1,yes,2023,,
Pond O,6/1/2023,seine,"7 half width, 4m hauls",SCLTS,2.3,32,63,L,1,yes,2023,,
Pond O,6/1/2023,seine,"8 half width, 4m hauls",SCLTS,1.2,27,56,L,1,yes,2023,,
Pond O,6/1/2023,seine,"9 half width, 4m hauls",SCLTS,2,30,57,L,1,yes,2023,,
Pond O,6/1/2023,seine,"10 half width, 4m hauls",SCLTS,1.5,26,54,L,1,yes,2023,,
Pond O,6/1/2023,seine,"11 half width, 4m hauls",SCLTS,1.7,27,59,L,1,yes,2023,,
Pond O,6/1/2023,seine,"12 half width, 4m hauls",SCLTS,1.9,35,71,L,1,yes,2023,,
Pond S,6/1/2023,density dipnet,53,SCLTS,1.6,30,47,L,1,no,2023,,
Pond S,6/1/2023,density dipnet,53,SCLTS,1.7,34,61,L,1,yes,2023,,
Pond S,6/1/2023,density dipnet,53,SCLTS,1.5,30,69,L,1,yes,2023,,
Pond S,6/1/2023,density dipnet,53,SCLTS,1.4,30,55,L,1,yes,2023,,
Pond S,6/1/2023,density dipnet,53,SCLTS,1.6,29,58,L,1,yes,2023,,
Pond S,6/1/2023,density dipnet,53,SCLTS,1.6,30,55,L,1,yes,2023,,
Pond S,6/1/2023,density dipnet,53,SCLTS,1.7,31,60,L,1,yes,2023,,
Pond S,6/1/2023,density dipnet,53,SCLTS,1.3,31,57,L,1,yes,2023,,
Pond S,6/1/2023,density dipnet,53,SCLTS,1.7,30,67,L,1,yes,2023,,
Pond S,6/1/2023,density dipnet,53,SCLTS,1.8,27,65,L,1,yes,2023,,
Pond S,6/1/2023,density dipnet,53,SCLTS,1.6,33,66,L,1,yes,2023,,
Pond S,6/1/2023,density dipnet,53,SCLTS,1.5,31,65,L,1,yes,2023,,
Pond S,6/1/2023,density dipnet,53,SCLTS,1.5,30,60,L,1,yes,2023,,
Pond S,6/1/2023,density dipnet,53,SCLTS,1.5,32,62,L,1,yes,2023,,
Pond S,6/1/2023,density dipnet,53,SCLTS,1.4,29,61,L,1,yes,2023,,
Pond S,6/1/2023,density dipnet,53,SCLTS,1.5,34,50,L,1,no,2023,,
Pond S,6/1/2023,density dipnet,53,SCLTS,1.3,29,59,L,1,yes,2023,,
Pond S,6/1/2023,density dipnet,53,SCLTS,1.5,31,47,L,1,no,2023,,
Pond S,6/1/2023,density dipnet,53,SCLTS,1.6,30,63,L,1,yes,2023,,
Pond S,6/1/2023,density dipnet,53,SCLTS,1.4,32,65,L,1,yes,2023,,
Pond S,6/1/2023,density dipnet,53,SCLTS,1.3,28,59,L,1,yes,2023,,
Pond S,6/1/2023,density dipnet,53,SCLTS,1.2,30,65,L,1,yes,2023,,
Pond S,6/1/2023,density dipnet,53,SCLTS,1.2,28,56,L,1,yes,2023,,
Pond S,6/1/2023,density dipnet,53,SCLTS,1.6,32,64,L,1,yes,2023,,
Pond S,6/1/2023,density dipnet,53,SCLTS,1.5,31,61,L,1,yes,2023,,
Pond S,6/1/2023,density dipnet,53,SCLTS,1.1,26,32,L,1,yes,2023,,
Pond N,6/1/2023,density dipnet,53,SCLTS,1.7,30,64,L,1,yes,2023,,
Pond N,6/1/2023,density dipnet,53,SCLTS,2.1,32,56,L,1,yes,2023,,
Pond N,6/1/2023,density dipnet,53,SCLTS,1.7,32,64,L,1,yes,2023,,
Pond N,6/1/2023,density dipnet,53,SCLTS,1.7,31,57,L,1,yes,2023,,
Pond N,6/1/2023,density dipnet,53,SCLTS,2.2,33,71,L,1,yes,2023,,
Pond N,6/1/2023,density dipnet,53,SCLTS,1.6,30,60,L,1,yes,2023,,
Pond N,6/1/2023,density dipnet,53,SCLTS,1.9,28,60,L,1,yes,2023,,
Pond N,6/1/2023,density dipnet,53,SCLTS,2.2,34,66,L,1,yes,2023,,
Pond N,6/1/2023,density dipnet,53,SCLTS,2.2,32,57,L,1,yes,2023,,
Pond N,6/1/2023,density dipnet,53,SCLTS,1.4,22,55,L,1,yes,2023,,
Pond N,6/1/2023,density dipnet,53,SCLTS,2.1,31,64,L,1,yes,2023,,
Pond N,6/1/2023,density dipnet,53,SCLTS,1.9,34,69,L,1,yes,2023,,
Pond N,6/1/2023,density dipnet,53,SCLTS,1.8,23,51,L,1,yes,2023,,
Pond N,6/1/2023,density dipnet,53,SCLTS,1.9,31,63,L,1,yes,2023,,
Pond N,6/1/2023,density dipnet,53,SCLTS,2.2,31,64,L,1,yes,2023,,
Pond N,6/1/2023,density dipnet,53,SCLTS,2.3,35,69,L,1,yes,2023,,
Pond N,6/1/2023,density dipnet,53,SCLTS,1.7,30,63,L,1,yes,2023,,
Pond N,6/1/2023,larval dipnet,22,SCLTS,1.9,35,64,L,1,yes,2023,,
Pond N,6/1/2023,larval dipnet,22,SCLTS,2.1,33,62,L,1,yes,2023,,
Pond N,6/1/2023,larval dipnet,22,SCLTS,1.9,31,68,L,1,yes,2023,,
Pond N,6/1/2023,larval dipnet,22,SCLTS,1.9,31,66,L,1,yes,2023,,
Pond N,6/1/2023,larval dipnet,22,SCLTS,1.7,28,59,L,1,yes,2023,,
Pond N,6/1/2023,larval dipnet,22,SCLTS,1.7,29,54,L,1,yes,2023,,
Pond N,6/1/2023,larval dipnet,22,SCLTS,1.6,28,53,L,1,yes,2023,,
Pond N,6/1/2023,larval dipnet,22,SCLTS,1.6,31,62,L,1,yes,2023,,
Pond N,6/1/2023,larval dipnet,22,SCLTS,,,,,,yes,2023,,
Pond N,6/1/2023,larval dipnet,22,SCLTS,,,,,,yes,2023,,
Milsap 1,6/2/2023,larval dipnet,74,SCLTS,,,,,,,2023,,
Milsap 2 ,6/2/2023,density dipnet,54,SCLTS,3.4,39,88,L,1,yes,2023,,
Milsap 2 ,6/2/2023,density dipnet,54,SCLTS,4.3,39,88,L,1,yes,2023,,
Milsap 2,6/2/2023,density dipnet,54,SCLTS,4.2,41,81,L,1,yes,2023,,
Milsap 2,6/2/2023,larval seine,22 m of seine,SCLTS,2.7,37,79,L,1,yes,2023,,
Milsap 2,6/2/2023,larval seine,22 m of seine,SCLTS,4.7,43,97,L,2,yes,2023,,
Milsap 2,6/2/2023,larval seine,22 m of seine,SCLTS,4.3,42,92,L,1,yes,2023,,
Milsap 2,6/2/2023,larval seine,22 m of seine,SCLTS,4.3,44,93,L,1,yes,2023,,
Milsap 2,6/2/2023,larval seine,22 m of seine,SCLTS,2.6,35,73,L,1,yes,2023,,
Milsap 2,6/2/2023,larval seine,22 m of seine,SCLTS,4.4,44,91,L,1,yes,2023,,
Milsap 2,6/2/2023,larval seine,22 m of seine,SCLTS,3.7,39,86,L,1,yes,2023,,
Milsap 2,6/2/2023,larval seine,22 m of seine,SCLTS,3.3,39,77,L,1,yes,2023,,
Milsap 2,6/2/2023,larval seine,22 m of seine,SCLTS,4.7,43,95,L,1,yes,2023,,
Milsap 2,6/2/2023,larval seine,22 m of seine,SCLTS,4.3,43,97,L,1,yes,2023,,
Milsap 2,6/2/2023,larval seine,22 m of seine,SCLTS,4.5,44,90,L,1,yes,2023,,
Milsap 2,6/2/2023,larval seine,22 m of seine,SCLTS,2.9,35,77,L,1,yes,2023,,
Milsap 2,6/2/2023,larval seine,22 m of seine,SCLTS,2.6,34,75,L,1,yes,2023,,
Milsap 2,6/2/2023,larval seine,22 m of seine,SCLTS,3.3,39,80,L,1,yes,2023,,
Milsap 2,6/2/2023,larval seine,22 m of seine,SCLTS,2.9,36,76,L,1,yes,2023,,
Milsap 2,6/2/2023,larval seine,22 m of seine,SCLTS,3.9,40,85,L,1,yes,2023,,
Milsap 2,6/2/2023,larval seine,22 m of seine,SCLTS,4.3,43,96,L,3,yes,2023,,
Milsap 2,6/2/2023,larval seine,22 m of seine,SCLTS,4.2,44,90,L,2,yes,2023,,
Milsap 2,6/2/2023,larval seine,22 m of seine,SCLTS,4,39,87,L,1,yes,2023,,
Milsap 2,6/2/2023,larval seine,22 m of seine,SCLTS,3.4,40,81,L,1,yes,2023,,
Milsap 2,6/2/2023,larval seine,22 m of seine,SCLTS,4.5,45,95,L,1,yes,2023,,
Milsap 2,6/2/2023,larval seine,22 m of seine,SCLTS,3.7,41,82,L,1,yes,2023,,
Milsap 2,6/2/2023,larval dipnet,22 m of seine,SCLTS,3.9,40,97,L,3,yes,2023,,
Tucker,6/2/2023,larval seine,10 seine hauls,SCLTS,2.7,36,64,L,1,yes,2023,,
Tucker,6/2/2023,larval seine,10 seine hauls,SCLTS,2.9,35,75,L,1,yes,2023,,
Tucker,6/2/2023,larval seine,10 seine hauls,SCLTS,1.4,29,60,L,1,yes,2023,,
Tucker,6/2/2023,larval seine,10 seine hauls,SCLTS,2.8,35,71,L,1,yes,2023,,
Tucker,6/2/2023,larval seine,10 seine hauls,SCLTS,3.1,40,80,L,1,yes,2023,,
Tucker,6/2/2023,larval seine,10 seine hauls,SCLTS,2.6,35,71,L,1,yes,2023,,
Tucker,6/2/2023,larval seine,10 seine hauls,SCLTS,2.5,34,74,L,1,yes,2023,,
Tucker,6/2/2023,larval seine,10 seine hauls,SCLTS,2.7,34,76,L,1,yes,2023,,
Tucker,6/2/2023,larval seine,10 seine hauls,SCLTS,2,34,67,L,1,yes,2023,,
Tucker,6/2/2023,larval seine,10 seine hauls,SCLTS,3,39,79,L,1,yes,2023,,
Tucker,6/2/2023,larval seine,10 seine hauls,SCLTS,2.2,34,69,L,1,yes,2023,,
Tucker,6/2/2023,larval seine,10 seine hauls,SCLTS,2.4,37,72,L,1,yes,2023,,
Tucker,6/2/2023,larval seine,10 seine hauls,SCLTS,3.3,40,78,L,1,yes,2023,,
Tucker,6/2/2023,larval seine,10 seine hauls,SCLTS,2.3,36,71,L,1,yes,2023,,
Tucker,6/2/2023,larval seine,10 seine hauls,SCLTS,1.8,34,72,L,1,yes,2023,,
Tucker,6/2/2023,larval seine,10 seine hauls,SCLTS,2.8,32,76,L,1,yes,2023,,
Tucker,6/2/2023,larval seine,10 seine hauls,SCLTS,1,30,54,L,1,yes,2023,,
Tucker,6/2/2023,larval seine,10 seine hauls,SCLTS,2.9,36,77,L,1,yes,2023,,
Tucker,6/2/2023,larval seine,10 seine hauls,SCLTS,3.3,37,82,L,1,yes,2023,,
Tucker,6/2/2023,larval seine,10 seine hauls,SCLTS,2.8,34,72,L,1,yes,2023,,
Tucker,6/2/2023,larval seine,10 seine hauls,SCLTS,2,30,66,L,1,yes,2023,,
Tucker,6/2/2023,larval seine,10 seine hauls,SCLTS,2.3,33,71,L,1,yes,2023,,
Tucker,6/2/2023,larval seine,10 seine hauls,SCLTS,2.5,33,69,L,1,yes,2023,,
Tucker,6/2/2023,larval seine,10 seine hauls,SCLTS,3,35,77,L,1,yes,2023,,
Tucker,6/2/2023,larval seine,10 seine hauls,SCLTS,1.6,30,69,L,1,yes,2023,,
Tucker,6/2/2023,larval seine,10 seine hauls,SCLTS,3.2,36,81,L,1,yes,2023,,
Ellicott,5/19/2024,larval seine,93m at half width,SCLTS,3.6,38,82,L,1,yes,2024,,
Ellicott,5/19/2024,larval seine,93m at half width,SCLTS,3.4,36,72,L,1,yes,2024,,
Ellicott,5/19/2024,larval seine,93m at half width,SCLTS,2.5,33,72,L,1,yes,2024,,
Ellicott,5/19/2024,larval seine,93m at half width,SCLTS,3,37,80,L,1,yes,2024,,
Ellicott,5/19/2024,larval seine,93m at half width,SCLTS,3.3,37,74,L,1,yes,2024,,
Ellicott,5/19/2024,larval seine,93m at half width,SCLTS,3.6,38,72,L,1,yes,2024,,
Ellicott,5/19/2024,larval seine,93m at half width,SCLTS,3.1,34,65,L,1,yes,2024,,
Ellicott,5/19/2024,larval seine,93m at half width,SCLTS,2.6,33,52,L,1,no,2024,,
Ellicott,5/19/2024,larval seine,93m at half width,SCLTS,0.7,22,31,L,1,no,2024,,
Ellicott,5/19/2024,larval seine,93m at half width,SCLTS,2,68,32,L,1,yes,2024,,
Ellicott,5/19/2024,larval seine,93m at half width,SCLTS,3.4,65,36,L,1,yes,2024,,
Ellicott,5/19/2024,larval seine,93m at half width,SCLTS,3.7,41,74,L,1,yes,2024,,
Ellicott,5/19/2024,larval seine,93m at half width,SCLTS,4.5,40,80,L,1,yes,2024,,
Ellicott,5/19/2024,larval seine,93m at half width,SCLTS,4.1,40,92,L,1,yes,2024,,
Ellicott,5/19/2024,larval seine,93m at half width,SCLTS,3.1,39,75,L,1,yes,2024,,
Ellicott,5/19/2024,larval seine,93m at half width,SCLTS,3.3,41,84,L,1,yes,2024,,
Ellicott,5/19/2024,larval seine,93m at half width,SCLTS,4.7,42,87,L,1,yes,2024,,
Ellicott,5/19/2024,larval seine,93m at half width,SCLTS,4.1,36,71,L,1,yes,2024,,
Ellicott,5/19/2024,larval seine,93m at half width,SCLTS,3.6,36,80,L,1,yes,2024,,
Ellicott,5/19/2024,larval seine,93m at half width,SCLTS,5.1,46,92,L,1,yes,2024,,
Ellicott,5/19/2024,larval seine,93m at half width,SCLTS,3.4,35,78,L,1,yes,2024,,
Ellicott,5/19/2024,larval seine,93m at half width,SCLTS,3.8,36,82,L,1,yes,2024,,
Ellicott,5/19/2024,larval seine,93m at half width,SCLTS,2.7,35,78,L,1,yes,2024,,
Ellicott,5/19/2024,larval seine,93m at half width,SCLTS,3.2,36,77,L,1,yes,2024,,
Ellicott,5/19/2024,larval seine,93m at half width,SCLTS,3.3,39,78,L,1,yes,2024,,
Ellicott,5/19/2024,larval seine,93m at half width,SCLTS,2.4,36,72,L,1,yes,2024,,
Ellicott,5/19/2024,larval seine,93m at half width,SCLTS,3.8,42,63,L,1,yes,2024,,
Prospect,5/19/2024,larval seine,74m of full width seine,SCLTS,5.2,39,94,L,1,yes,2024,,
Prospect,5/19/2024,larval seine,74m of full width seine,SCLTS,4.9,42,90,L,1,yes,2024,,
Prospect,5/19/2024,larval seine,74m of full width seine,SCLTS,5,43,92,L,1,yes,2024,,
Prospect,5/19/2024,larval seine,74m of full width seine,SCLTS,3.5,40,93,L,1,yes,2024,,
Prospect,5/19/2024,larval seine,74m of full width seine,SCLTS,6,42,82,L,1,no,2024,,
Prospect,5/19/2024,larval seine,74m of full width seine,SCLTS,5,40,95,L,1,yes,2024,,
Prospect,5/19/2024,larval seine,74m of full width seine,SCLTS,4.2,40,86,L,1,yes,2024,,
Prospect,5/19/2024,larval seine,74m of full width seine,SCLTS,4.6,45,95,L,1,yes,2024,,
Prospect,5/19/2024,larval seine,74m of full width seine,SCLTS,4.2,40,85,L,1,yes,2024,,
Prospect,5/19/2024,larval seine,74m of full width seine,SCLTS,4.2,41,95,L,1,yes,2024,,
Prospect,5/19/2024,larval seine,74m of full width seine,SCLTS,3.4,41,81,L,1,yes,2024,,
Prospect,5/19/2024,larval seine,74m of full width seine,SCLTS,4.3,38,92,L,1,yes,2024,,
Prospect,5/19/2024,larval seine,74m of full width seine,SCLTS,4.7,41,85,L,1,yes,2024,,
Prospect,5/19/2024,larval seine,74m of full width seine,SCLTS,4.3,43,87,L,1,yes,2024,,
Prospect,5/19/2024,larval seine,74m of full width seine,SCLTS,4.6,45,92,L,1,yes,2024,,
Prospect,5/19/2024,larval seine,74m of full width seine,SCLTS,4.1,41,86,L,1,yes,2024,,
Prospect,5/19/2024,larval seine,74m of full width seine,SCLTS,3.4,36,85,L,1,yes,2024,,
Prospect,5/19/2024,larval seine,74m of full width seine,SCLTS,3.7,37,86,L,1,yes,2024,,
Prospect,5/19/2024,larval seine,74m of full width seine,SCLTS,4.8,43,92,L,1,yes,2024,,
Prospect,5/19/2024,larval seine,74m of full width seine,SCLTS,4.9,43,92,L,1,yes,2024,,
Prospect,5/19/2024,larval seine,74m of full width seine,SCLTS,4.5,45,96,L,1,yes,2024,,
Prospect,5/19/2024,larval seine,74m of full width seine,SCLTS,4.1,42,90,L,1,yes,2024,,
Prospect,5/19/2024,larval dipnet,326,SCLTS,4.3,41,83,L,1,yes,2024,,
Prospect,5/19/2024,larval dipnet,326,SCLTS,3.9,44,86,L,1,yes,2024,,
Prospect,5/19/2024,larval dipnet,326,SCLTS,4.8,44,73,L,1,yes,2024,,
Prospect,5/19/2024,larval dipnet,326,SCLTS,3.8,44,93,L,1,yes,2024,,
Delaney,5/19/2024,larval dipnet,467,SCLTS,2.1,35,62,L,1,yes,2024,,
Delaney,5/19/2024,larval dipnet,467,SCLTS,0.6,28,33,L,1,yes,2024,,
Buena Vista 1,5/19/2024,larval dipnet,230,SCLTS,2,30,60,L,1,yes,2024,,
Buena Vista 1,5/19/2024,larval dipnet,230,SCLTS,2.4,39,70,L,1,yes,2024,,
Buena Vista 1,5/19/2024,larval dipnet,230,SCLTS,2.8,37,72,L,1,yes,2024,,
Buena Vista 1,5/19/2024,larval dipnet,230,SCLTS,3.8,36,80,L,1,yes,2024,,
Buena Vista 1,5/19/2024,larval dipnet,230,SCLTS,2.4,33,63,L,1,yes,2024,,
Buena Vista 1,5/19/2024,larval dipnet,230,SCLTS,2.8,34,70,L,1,yes,2024,,
Buena Vista 1,5/19/2024,larval dipnet,230,SCLTS,2.4,39,73,L,1,yes,2024,,
Buena Vista 1,5/19/2024,larval dipnet,230,SCLTS,2.2,36,73,L,1,yes,2024,,
Buena Vista 1,5/19/2024,larval dipnet,230,SCLTS,2.8,34,70,L,1,yes,2024,,
Buena Vista 1,5/19/2024,larval seine,50m of full width seine,SCLTS,2.4,38,84,L,1,yes,2024,,
Buena Vista 1,5/19/2024,larval seine,50m of full width seine,SCLTS,2.9,35,80,L,1,yes,2024,,
Buena Vista 1,5/19/2024,larval seine,50m of full width seine,SCLTS,2.2,31,66,L,1,yes,2024,,
Buena Vista 1,5/19/2024,larval seine,50m of full width seine,SCLTS,2.4,26,55,L,1,yes,2024,,
Buena Vista 1,5/19/2024,larval seine,50m of full width seine,SCLTS,2.1,32,52,L,1,yes,2024,,
Buena Vista 1,5/19/2024,larval seine,50m of full width seine,SCLTS,2.7,35,71,L,1,yes,2024,,
Buena Vista 1,5/19/2024,larval seine,50m of full width seine,SCLTS,3.3,38,73,L,1,yes,2024,,
Buena Vista 1,5/19/2024,larval seine,50m of full width seine,SCLTS,1.3,35,45,L,1,yes,2024,,
Buena Vista 1,5/19/2024,larval seine,50m of full width seine,SCLTS,2.5,33,64,L,1,yes,2024,,
Buena Vista 1,5/19/2024,larval seine,50m of full width seine,SCLTS,3.6,40,79,L,1,yes,2024,,
Buena Vista 1,5/19/2024,larval seine,50m of full width seine,SCLTS,3.3,36,78,L,1,yes,2024,,
Buena Vista 1,5/19/2024,larval seine,50m of full width seine,SCLTS,3,36,75,L,1,yes,2024,,
Buena Vista 1,5/19/2024,larval seine,50m of full width seine,SCLTS,3,37,70,L,1,yes,2024,,
Buena Vista 1,5/19/2024,larval seine,50m of full width seine,SCLTS,3.4,37,82,L,1,yes,2024,,
Buena Vista 1,5/19/2024,larval seine,50m of full width seine,SCLTS,1.3,27,52,L,1,yes,2024,,
Buena Vista 1,5/19/2024,larval seine,50m of full width seine,SCLTS,2.3,34,62,L,1,yes,2024,,
Buena Vista 2,5/19/2024,density dipnet,56,SCLTS,1.1,29,57,L,1,yes,2024,,
Buena Vista 2,5/19/2024,density dipnet,56,SCLTS,0.3,19,36,L,1,yes,2024,,
Buena Vista 2,5/19/2024,density dipnet,56,SCLTS,1.2,30,62,L,1,yes,2024,,
Buena Vista 2,5/19/2024,density dipnet,56,SCLTS,2.1,31,61,L,1,yes,2024,,
Buena Vista 2,5/19/2024,density dipnet,56,SCLTS,1.8,33,62,L,1,yes,2024,,
Buena Vista 2,5/19/2024,density dipnet,56,SCLTS,1.5,32,59,L,1,yes,2024,,
Buena Vista 2,5/19/2024,density dipnet,56,SCLTS,1.8,31,50,L,1,no,2024,,
Buena Vista 2,5/19/2024,density dipnet,56,SCLTS,2.8,38,77,L,1,yes,2024,,
Buena Vista 2,5/19/2024,density dipnet,56,SCLTS,1.2,30,59,L,1,yes,2024,,
Buena Vista 2,5/19/2024,density dipnet,56,SCLTS,2.3,39,75,L,1,yes,2024,,
Buena Vista 2,5/19/2024,density dipnet,56,SCLTS,0.5,21,40,L,1,yes,2024,,
Buena Vista 2,5/19/2024,density dipnet,56,SCLTS,0.4,21,37,L,1,yes,2024,,
Buena Vista 2,5/19/2024,density dipnet,56,SCLTS,0.8,21,46,L,1,yes,2024,,
Buena Vista 2,5/19/2024,density dipnet,56,SCLTS,0.9,26,50,L,1,yes,2024,,
Buena Vista 2,5/19/2024,density dipnet,56,SCLTS,1.5,29,50,L,1,yes,2024,,
Buena Vista 2,5/19/2024,density dipnet,56,SCLTS,0.9,23,49,L,1,yes,2024,,
Buena Vista 2,5/19/2024,density dipnet,56,SCLTS,1.1,20,40,L,1,yes,2024,,
Buena Vista 2,5/19/2024,density dipnet,56,SCLTS,1.1,36,56,L,1,yes,2024,,
Buena Vista 2,5/19/2024,density dipnet,56,SCLTS,0.9,26,47,L,1,yes,2024,,
Buena Vista 2,5/19/2024,density dipnet,56,SCLTS,1.2,29,56,L,1,yes,2024,,
Buena Vista 2,5/19/2024,density dipnet,56,SCLTS,0.8,28,59,L,1,yes,2024,,
Buena Vista 2,5/19/2024,density dipnet,56,SCLTS,0.7,26,53,L,1,yes,2024,,
Buena Vista 2,5/19/2024,density dipnet,56,SCLTS,0.9,27,43,L,1,no,2024,,
Buena Vista 2,5/19/2024,density dipnet,56,SCLTS,1.7,32,63,L,1,yes,2024,,
Buena Vista 2,5/19/2024,density dipnet,56,SCLTS,0.9,26,44,L,1,yes,2024,,
Buena Vista 2,5/19/2024,density dipnet,56,SCLTS,0.8,26,42,L,1,yes,2024,,
Buena Vista 2,5/19/2024,density dipnet,56,SCLTS,0.5,32,37,L,1,yes,2024,,
Suess,5/22/2024,larval dipnet,411,SCLTS,0.3,18,36,L,1,no,2024,,
Suess,5/22/2024,larval dipnet,411,SCLTS,1.8,32,67,L,1,no,2024,,
Calabasas,5/22/2024,density dipnet,52,SCLTS,1.5,30,62,L,1,yes,2024,,
Calabasas,5/22/2024,density dipnet,52,SCLTS,2,36,67,L,1,yes,2024,,
Calabasas,5/22/2024,larval seine,85m full width,SCLTS,0.9,24,47,L,1,yes,2024,,
Calabasas,5/22/2024,larval seine,85m full width,SCLTS,2.3,32,69,L,1,yes,2024,,
Calabasas,5/22/2024,larval seine,85m full width,SCLTS,2.1,31,70,L,1,yes,2024,,
Calabasas,5/22/2024,larval seine,85m full width,SCLTS,1.1,25,42,L,1,yes,2024,,
Calabasas,5/22/2024,larval seine,85m full width,SCLTS,1.1,27,50,L,1,yes,2024,,
Calabasas,5/22/2024,larval seine,85m full width,SCLTS,1.2,25,53,L,1,yes,2024,,
Calabasas,5/22/2024,larval seine,85m full width,SCLTS,1.1,26,58,L,1,yes,2024,,
Calabasas,5/22/2024,larval seine,85m full width,SCLTS,1.1,28,54,L,1,yes,2024,,
Calabasas,5/22/2024,larval dipnet,286,SCLTS,1.1,29,55,L,1,yes,2024,,
Calabasas,5/22/2024,larval dipnet,286,SCLTS,1.3,28,58,L,1,yes,2024,,
Calabasas,5/22/2024,larval dipnet,286,SCLTS,1,26,53,L,1,yes,2024,,
Calabasas,5/22/2024,larval dipnet,286,SCLTS,1.3,27,56,L,1,yes,2024,,
Calabasas,5/22/2024,larval dipnet,286,SCLTS,1.5,29,61,L,1,yes,2024,,
Calabasas,5/22/2024,larval dipnet,286,SCLTS,0.7,25,47,L,1,yes,2024,,
Calabasas,5/22/2024,larval dipnet,286,SCLTS,1.5,28,57,L,1,yes,2024,,
Calabasas,5/22/2024,larval dipnet,286,SCLTS,1,25,49,L,1,yes,2024,,
Calabasas,5/22/2024,larval dipnet,286,SCLTS,0.8,24,46,L,1,yes,2024,,
Calabasas,5/22/2024,larval dipnet,286,SCLTS,0.9,26,52,L,1,yes,2024,,
Calabasas,5/22/2024,larval dipnet,286,SCLTS,1,30,51,L,1,yes,2024,,
Calabasas,5/22/2024,larval dipnet,286,SCLTS,0.9,26,51,L,1,yes,2024,,
Calabasas,5/22/2024,larval dipnet,286,SCLTS,0.8,25,50,L,1,yes,2024,,
Calabasas,5/22/2024,larval dipnet,286,SCLTS,0.8,24,47,L,1,yes,2024,,
Calabasas,5/22/2024,larval dipnet,286,SCLTS,1.7,30,55,L,1,yes,2024,,
Calabasas,5/22/2024,larval dipnet,286,SCLTS,0.9,23,45,L,1,no,2024,,
Upper Cattail,5/23/2024,density dipnet,55,SCLTS,2,27,55,L,1,yes,2024,,"NOTE: More tail tips were taken at this site, but they are not listed on the sheet"
Upper Cattail,5/23/2024,larval dipnet,1084,SCLTS,2.6,31,74,L,1,yes,2024,,
Upper Cattail,5/23/2024,larval dipnet,1084,SCLTS,1.9,32,70,L,1,yes,2024,,
Upper Cattail,5/23/2024,larval dipnet,1084,SCLTS,2.1,30,67,L,1,yes,2024,,
Upper Cattail,5/23/2024,larval dipnet,1084,SCLTS,1.9,34,67,L,1,yes,2024,,
Upper Cattail,5/23/2024,larval dipnet,1084,SCLTS,1.5,32,62,L,1,yes,2024,,
Upper Cattail,5/23/2024,larval dipnet,1084,SCLTS,2.4,35,72,L,1,yes,2024,,
Upper Cattail,5/23/2024,larval dipnet,1084,SCLTS,1.9,35,70,L,1,yes,2024,,
Upper Cattail,5/23/2024,larval dipnet,1084,SCLTS,1.7,33,67,L,1,yes,2024,,
Upper Cattail,5/23/2024,larval dipnet,1084,SCLTS,2.2,34,67,L,1,yes,2024,,
Upper Cattail,5/23/2024,larval dipnet,1084,SCLTS,1.9,34,69,L,1,yes,2024,,
Upper Cattail,5/23/2024,larval dipnet,1084,SCLTS,1.5,29,60,L,1,yes,2024,,
Upper Cattail,5/23/2024,larval dipnet,1084,SCLTS,1.5,30,59,L,1,yes,2024,,
Upper Cattail,5/23/2024,larval dipnet,1084,SCLTS,2.2,33,69,L,1,yes,2024,,
Upper Cattail,5/23/2024,larval dipnet,1084,SCLTS,1.7,30,60,L,1,yes,2024,,
Upper Cattail,5/23/2024,larval dipnet,1084,SCLTS,1.5,30,61,L,1,yes,2024,,
Upper Cattail,5/23/2024,larval dipnet,1084,SCLTS,1.4,32,49,L,1,yes,2024,,
Upper Cattail,5/23/2024,larval dipnet,1084,SCLTS,1.7,29,57,L,1,yes,2024,,
Upper Cattail,5/23/2024,larval dipnet,1084,SCLTS,1.8,31,39,L,1,no,2024,,
Upper Cattail,5/23/2024,larval dipnet,1084,SCLTS,1.7,30,47,L,1,yes,2024,,
Upper Cattail,5/23/2024,larval dipnet,1084,SCLTS,1.8,29,60,L,1,yes,2024,,
Upper Cattail,5/23/2024,larval dipnet,1084,SCLTS,3.1,34,69,L,1,yes,2024,,
Upper Cattail,5/23/2024,larval dipnet,1084,SCLTS,1.9,30,64,L,1,yes,2024,,
Upper Cattail,5/23/2024,larval dipnet,1084,SCLTS,1.6,31,59,L,1,yes,2024,,
Upper Cattail,5/23/2024,larval dipnet,1084,SCLTS,0.5,22,40,L,1,yes,2024,,
Long Valley,5/23/2024,larval dipnet,876,SCLTS,1.8,30,60,L,1,yes,2024,,
Long Valley,5/23/2024,larval dipnet,876,SCLTS,1.5,31,64,L,1,yes,2024,,
Long Valley,5/23/2024,larval dipnet,876,SCLTS,1.3,26,56,L,1,yes,2024,,
Long Valley,5/23/2024,larval dipnet,876,SCLTS,1.9,36,73,L,1,yes,2024,,
Long Valley,5/23/2024,larval dipnet,876,SCLTS,1.1,27,48,L,1,yes,2024,,
Long Valley,5/23/2024,larval dipnet,876,SCLTS,1.8,31,66,L,1,yes,2024,,
Long Valley,5/23/2024,larval dipnet,876,SCLTS,1.8,33,64,L,1,yes,2024,,
Long Valley,5/23/2024,larval dipnet,876,SCLTS,0.7,24,50,L,1,yes,2024,,
Long Valley,5/23/2024,larval dipnet,876,SCLTS,1.7,29,67,L,1,yes,2024,,
Long Valley,5/23/2024,larval dipnet,876,SCLTS,2.1,29,70,L,1,yes,2024,,
Long Valley,5/23/2024,larval dipnet,876,SCLTS,1.4,28,64,L,1,yes,2024,,
Long Valley,5/23/2024,larval dipnet,876,SCLTS,1.2,26,56,L,1,yes,2024,,
Long Valley,5/23/2024,larval dipnet,876,SCLTS,1.6,31,68,L,1,yes,2024,,
Long Valley,5/23/2024,larval dipnet,876,SCLTS,0.8,23,48,L,1,yes,2024,,
Long Valley,5/23/2024,larval dipnet,876,SCLTS,1.4,26,60,L,1,yes,2024,,
Long Valley,5/23/2024,larval dipnet,876,SCLTS,2.3,31,66,L,1,yes,2024,,
Long Valley,5/23/2024,larval dipnet,876,SCLTS,1.7,32,65,L,1,yes,2024,,
Long Valley,5/23/2024,larval dipnet,876,SCLTS,1.5,30,60,L,1,yes,2024,,
North County Parks,5/24/2024,density dipnet,51,SCLTS,1.2,28,16,L,1,yes,2024,,
North County Parks,5/24/2024,larval dipnet,549,SCLTS,1,26,51,L,1,yes,2024,,
North County Parks,5/24/2024,larval dipnet,549,SCLTS,1.4,28,55,L,1,yes,2024,,
North County Parks,5/24/2024,larval dipnet,549,SCLTS,1.2,26,55,L,1,yes,2024,,
North County Parks,5/24/2024,larval dipnet,549,SCLTS,1.8,29,66,L,1,yes,2024,,
North County Parks,5/24/2024,larval seine,120m of haul at 2.5m width + 16m of jibs,SCLTS,0.9,25,52,L,1,yes,2024,,
North County Parks,5/24/2024,larval seine,120m of haul at 2.5m width + 16m of jibs,SCLTS,0.7,25,45,L,1,yes,2024,,
North County Parks,5/24/2024,larval seine,120m of haul at 2.5m width + 16m of jibs,SCLTS,1,24,52,L,1,yes,2024,,
North County Parks,5/24/2024,larval seine,120m of haul at 2.5m width + 16m of jibs,SCLTS,0.7,22,55,L,1,yes,2024,,
North County Parks,5/24/2024,larval seine,120m of haul at 2.5m width + 16m of jibs,SCLTS,1.3,27,55,L,1,yes,2024,,
North County Parks,5/24/2024,larval seine,120m of haul at 2.5m width + 16m of jibs,SCLTS,1.5,29,61,L,1,yes,2024,,
North County Parks,5/24/2024,larval seine,120m of haul at 2.5m width + 16m of jibs,SCLTS,1.4,28,58,L,1,yes,2024,,
North County Parks,5/24/2024,larval seine,120m of haul at 2.5m width + 16m of jibs,SCLTS,1,26,51,L,1,yes,2024,,
North County Parks,5/24/2024,larval seine,120m of haul at 2.5m width + 16m of jibs,SCLTS,0.4,18,36,L,1,yes,2024,,
North County Parks,5/24/2024,larval seine,120m of haul at 2.5m width + 16m of jibs,SCLTS,0.5,22,38,L,1,yes,2024,,
North County Parks,5/24/2024,larval seine,120m of haul at 2.5m width + 16m of jibs,SCLTS,0.2,15,30,L,1,yes,2024,,
North County Parks,5/24/2024,larval seine,120m of haul at 2.5m width + 16m of jibs,SCLTS,1.2,27,56,L,1,yes,2024,,
North County Parks,5/24/2024,larval seine,120m of haul at 2.5m width + 16m of jibs,SCLTS,1.7,32,63,L,1,yes,2024,,
North County Parks,5/24/2024,larval seine,120m of haul at 2.5m width + 16m of jibs,SCLTS,1.3,30,62,L,1,yes,2024,,
North County Parks,5/24/2024,larval seine,120m of haul at 2.5m width + 16m of jibs,SCLTS,0.9,25,48,L,1,yes,2024,,
North County Parks,5/24/2024,larval seine,120m of haul at 2.5m width + 16m of jibs,SCLTS,1.9,32,65,L,1,yes,2024,,
North County Parks,5/24/2024,larval seine,120m of haul at 2.5m width + 16m of jibs,SCLTS,0.7,25,46,L,1,yes,2024,,
North County Parks,5/24/2024,larval seine,120m of haul at 2.5m width + 16m of jibs,SCLTS,1.1,28,50,L,1,yes,2024,,
North County Parks,5/24/2024,larval seine,120m of haul at 2.5m width + 16m of jibs,SCLTS,1.3,29,53,L,1,yes,2024,,
Valencia,5/25/2024,coverboard,,SCLTS,4.7,47,107,A,,yes,2024,,
Valencia,5/25/2024,coverboard,,SCLTS,5.1,53,106,A,,yes,2024,,
Valencia,5/25/2024,coverboard,,SCLTS,4.6,46,91,A,,yes,2024,,
Willow Canyon,5/25/2024,density dipnet,50,SCLTS,2,32,64,L,1,yes,2024,,
Willow Canyon,5/25/2024,density dipnet,50,SCLTS,2.4,32,71,L,1,yes,2024,,
Willow Canyon,5/25/2024,larval dipnet,154,SCLTS,1.3,27,56,L,1,yes,2024,,
Willow Canyon,5/25/2024,larval dipnet,154,SCLTS,0.5,22,43,L,1,yes,2024,,
Willow Canyon,5/25/2024,larval dipnet,154,SCLTS,0.5,21,43,L,1,yes,2024,,
Willow Canyon,5/25/2024,larval dipnet,154,SCLTS,0.7,24,46,L,1,yes,2024,,
Willow Canyon,5/25/2024,larval dipnet,154,SCLTS,0.7,23,45,L,1,yes,2024,,
Willow Canyon,5/25/2024,larval dipnet,154,SCLTS,1.1,25,47,L,1,yes,2024,,
Willow Canyon,5/25/2024,larval seine,40m full width,SCLTS,0.4,21,38,L,1,yes,2024,,
Willow Canyon,5/25/2024,larval seine,40m full width,SCLTS,2,34,68,L,1,yes,2024,,
Willow Canyon,5/25/2024,larval seine,40m full width,SCLTS,2,32,69,L,1,yes,2024,,
Willow Canyon,5/25/2024,larval seine,40m full width,SCLTS,0.8,22,50,L,1,yes,2024,,
Willow Canyon,5/25/2024,larval seine,40m full width,SCLTS,0.8,24,49,L,1,yes,2024,,
Willow Canyon,5/25/2024,larval seine,40m full width,SCLTS,1.7,30,65,L,1,yes,2024,,
Willow Canyon,5/25/2024,larval seine,40m full width,SCLTS,1.2,28,57,L,1,yes,2024,,
Willow Canyon,5/25/2024,larval seine,40m full width,SCLTS,0.8,26,46,L,1,yes,2024,,
Willow Canyon,5/25/2024,larval seine,40m full width,SCLTS,0.6,24,44,L,1,yes,2024,,
Willow Canyon,5/25/2024,larval seine,40m full width,SCLTS,0.9,24,51,L,1,yes,2024,,
Willow Canyon,5/25/2024,larval seine,40m full width,SCLTS,0.5,23,42,L,1,yes,2024,,
Willow Canyon,5/25/2024,larval seine,40m full width,SCLTS,2.3,37,70,L,1,yes,2024,,
Willow Canyon,5/25/2024,larval seine,40m full width,SCLTS,0.8,24,47,L,1,yes,2024,,
Willow Canyon,5/25/2024,larval seine,40m full width,SCLTS,1.4,29,50,L,1,yes,2024,,
Willow Canyon,5/25/2024,larval seine,40m full width,SCLTS,1.6,30,62,L,1,yes,2024,,
Willow Canyon,5/25/2024,larval seine,40m full width,SCLTS,1,26,46,L,1,yes,2024,,
Willow Canyon,5/25/2024,larval seine,40m full width,SCLTS,0.7,22,41,L,1,yes,2024,,
Seascape 3,5/25/2024,density dipnet,54,SCLTS,1.3,27,57,L,1,yes,2024,,
Seascape 3,5/25/2024,density dipnet,54,SCLTS,1.7,30,70,L,1,yes,2024,,
Seascape 3,5/25/2024,density dipnet,54,SCLTS,0.8,24,46,L,1,yes,2024,,
Seascape 3,5/25/2024,density dipnet,54,SCLTS,1,23,49,L,1,yes,2024,,
Seascape 3,5/25/2024,density dipnet,54,SCLTS,0.9,24,53,L,1,yes,2024,,
Seascape 3,5/25/2024,density dipnet,54,SCLTS,2.1,33,66,L,1,yes,2024,,
Seascape 3,5/25/2024,density dipnet,54,SCLTS,1.4,27,59,L,1,yes,2024,,
Seascape 3,5/25/2024,larval dipnet,196,SCLTS,1.3,26,56,L,1,yes,2024,,
Seascape 3,5/25/2024,larval dipnet,196,SCLTS,0.8,25,60,L,1,yes,2024,,
Seascape 3,5/25/2024,larval dipnet,196,SCLTS,1.5,28,61,L,1,yes,2024,,
Seascape 3,5/25/2024,larval dipnet,196,SCLTS,1.5,29,61,L,1,yes,2024,,
Seascape 3,5/25/2024,larval dipnet,196,SCLTS,0.3,17,34,L,1,yes,2024,,
Seascape 3,5/25/2024,larval dipnet,196,SCLTS,0.6,23,45,L,1,yes,2024,,
Seascape 3,5/25/2024,larval dipnet,196,SCLTS,1.5,29,63,L,1,yes,2024,,
Seascape 3,5/25/2024,larval dipnet,196,SCLTS,0.9,24,42,L,1,yes,2024,,
Seascape 3,5/25/2024,larval dipnet,196,SCLTS,0.5,21,40,L,1,yes,2024,,
Seascape 3,5/25/2024,larval dipnet,196,SCLTS,0.8,26,52,L,1,yes,2024,,
Seascape 3,5/25/2024,larval dipnet,196,SCLTS,0.3,16,34,L,1,yes,2024,,
Seascape 3,5/25/2024,larval dipnet,196,SCLTS,0.4,20,42,L,1,yes,2024,,
Seascape 3,5/25/2024,larval dipnet,196,SCLTS,1.4,30,61,L,1,yes,2024,,
Seascape 3,5/25/2024,larval dipnet,196,SCLTS,0.4,19,39,L,1,yes,2024,,
Seascape 3,5/25/2024,larval dipnet,196,SCLTS,0.6,26,47,L,1,yes,2024,,
Seascape 3,5/25/2024,larval dipnet,196,SCLTS,1,25,46,L,1,yes,2024,,
Seascape 3,5/25/2024,larval dipnet,196,SCLTS,0.5,18,37,L,1,yes,2024,,
Seascape 3,5/25/2024,larval dipnet,196,SCLTS,1.3,27,53,L,1,yes,2024,,
Seascape 2,5/25/2024,density dipnet,50,SCLTS,0.8,25,46,L,1,yes,2024,,
Seascape 2,5/25/2024,density dipnet,50,SCLTS,0.6,21,34,L,1,yes,2024,,
Seascape 2,5/25/2024,density dipnet,50,SCLTS,1,26,47,L,1,yes,2024,,
Seascape 2,5/25/2024,density dipnet,50,SCLTS,0.7,24,45,L,1,yes,2024,,
Seascape 2,5/25/2024,larval dipnet,590,SCLTS,0.6,25,39,L,1,yes,2024,,
Seascape 2,5/25/2024,larval dipnet,590,SCLTS,0.6,21,41,L,1,yes,2024,,
Seascape 2,5/25/2024,larval dipnet,590,SCLTS,0.4,20,34,L,1,yes,2024,,
Seascape 2,5/25/2024,larval dipnet,590,SCLTS,1.2,28,50,L,1,yes,2024,,
Seascape 2,5/25/2024,larval dipnet,590,SCLTS,0.3,19,35,L,1,yes,2024,,
Seascape 2,5/25/2024,larval dipnet,590,SCLTS,0.7,23,47,L,1,yes,2024,,
Seascape 2,5/25/2024,larval dipnet,590,SCLTS,0.2,18,34,L,1,yes,2024,,
Seascape 2,5/25/2024,larval dipnet,590,SCLTS,0.4,21,38,L,1,yes,2024,,
Seascape 2,5/25/2024,larval dipnet,590,SCLTS,1,27,49,L,1,yes,2024,,
Seascape 2,5/25/2024,larval dipnet,590,SCLTS,1.7,31,65,L,1,yes,2024,,
Seascape 2,5/25/2024,larval dipnet,590,SCLTS,1.1,28,48,L,1,yes,2024,,
Seascape 2,5/25/2024,larval dipnet,590,SCLTS,0.9,27,52,L,1,yes,2024,,
Seascape 2,5/25/2024,larval dipnet,590,SCLTS,1.1,27,54,L,1,yes,2024,,
Seascape 2,5/25/2024,larval dipnet,590,SCLTS,0.6,24,44,L,1,yes,2024,,
Seascape 2,5/25/2024,larval dipnet,590,SCLTS,0.5,20,40,L,1,yes,2024,,
Seascape 2,5/25/2024,larval dipnet,590,SCLTS,0.3,17,25,L,1,yes,2024,,
Seascape 2,5/25/2024,larval dipnet,590,SCLTS,0.7,22,46,L,1,yes,2024,,
Racehorse,5/26/2024,larval seine,50m full width,SCLTS,1.7,30,66,L,1,yes,2024,,
Racehorse,5/26/2024,larval seine,50m full width,SCLTS,1.4,31,61,L,1,yes,2024,,
Racehorse,5/26/2024,larval seine,50m full width,SCLTS,2.1,32,71,L,1,yes,2024,,
Racehorse,5/26/2024,larval dipnet,431,SCLTS,1,27,52,L,1,yes,2024,,
Racehorse,5/26/2024,larval dipnet,431,SCLTS,1.3,31,62,L,1,yes,2024,,
Racehorse,5/26/2024,larval dipnet,431,SCLTS,1.2,29,61,L,1,yes,2024,,
Racehorse,5/26/2024,larval dipnet,431,SCLTS,1.4,32,59,L,1,yes,2024,,
Racehorse,5/26/2024,larval dipnet,431,SCLTS,1.3,31,62,L,1,yes,2024,,
Racehorse,5/26/2024,larval dipnet,431,SCLTS,2.4,36,73,L,1,yes,2024,,
Racehorse,5/26/2024,larval dipnet,431,SCLTS,1.2,29,58,L,1,yes,2024,,
Racehorse,5/26/2024,larval dipnet,431,SCLTS,1.6,29,66,L,1,yes,2024,,
Racehorse,5/26/2024,larval dipnet,431,SCLTS,2,34,77,L,1,yes,2024,,
Racehorse,5/26/2024,larval dipnet,431,SCLTS,1.9,32,70,L,1,yes,2024,,
Racehorse,5/26/2024,larval dipnet,431,SCLTS,0.5,36,70,L,1,yes,2024,,
Racehorse,5/26/2024,larval dipnet,431,SCLTS,1.5,30,61,L,1,yes,2024,,
Racehorse,5/26/2024,larval dipnet,431,SCLTS,1.2,27,57,L,1,yes,2024,,
Racehorse,5/26/2024,larval dipnet,431,SCLTS,1.4,27,61,L,1,yes,2024,,
Racehorse,5/26/2024,larval dipnet,431,SCLTS,1,24,58,L,1,yes,2024,,
Racehorse,5/26/2024,larval dipnet,431,SCLTS,1.9,30,67,L,1,yes,2024,,
Racehorse,5/26/2024,larval dipnet,431,SCLTS,1,26,52,L,1,yes,2024,,
Racehorse,5/26/2024,larval dipnet,431,SCLTS,1.7,31,66,L,1,yes,2024,,
Racehorse,5/26/2024,larval dipnet,431,SCLTS,0.9,25,51,L,1,yes,2024,,
Racehorse,5/26/2024,larval dipnet,431,SCLTS,0.9,24,50,L,1,yes,2024,,
Pond N,5/27/2024,density dipnet,57,SCLTS,1.7,33,66,L,1,yes,2024,,
Pond N,5/27/2024,density dipnet,57,SCLTS,1,25,47,L,1,yes,2024,,
Pond N,5/27/2024,density dipnet,57,SCLTS,1.5,31,62,L,1,yes,2024,,
Pond N,5/27/2024,larval dipnet,301,SCLTS,2.2,34,75,L,1,yes,2024,,
Pond N,5/27/2024,larval dipnet,301,SCLTS,1.9,33,67,L,1,yes,2024,,
Pond N,5/27/2024,larval dipnet,301,SCLTS,1.8,31,62,L,1,yes,2024,,
Pond N,5/27/2024,larval seine,40m half width; 3 jibs,SCLTS,1.6,30,62,L,1,yes,2024,,
Pond N,5/27/2024,larval seine,40m half width; 3 jibs,SCLTS,0.6,18,42,L,1,yes,2024,,
Pond O,5/27/2024,density dipnet,60,SCLTS,1.6,34,65,L,1,yes,2024,,
Pond O,5/27/2024,density dipnet,60,SCLTS,0.7,25,48,L,1,yes,2024,,
Pond O,5/27/2024,larval dipnet,160,SCLTS,1.9,31,67,L,1,yes,2024,,
Pond O,5/27/2024,larval dipnet,160,SCLTS,1.7,29,50,L,1,yes,2024,,
Pond O,5/27/2024,larval dipnet,160,SCLTS,1.2,31,63,L,1,yes,2024,,
Pond O,5/27/2024,larval dipnet,160,SCLTS,1.9,30,58,L,1,yes,2024,,
Pond O,5/27/2024,larval dipnet,160,SCLTS,1.9,31,62,L,1,yes,2024,,
Pond O,5/27/2024,larval dipnet,160,SCLTS,1.4,28,57,L,1,yes,2024,,
Pond O,5/27/2024,larval dipnet,160,SCLTS,1.3,26,49,L,1,yes,2024,,
Pond O,5/27/2024,larval dipnet,160,SCLTS,1.7,30,64,L,1,yes,2024,,
Pond O,5/27/2024,larval dipnet,160,SCLTS,1.6,29,62,L,1,yes,2024,,
Pond O,5/27/2024,larval dipnet,160,SCLTS,1.5,31,60,L,1,yes,2024,,
Pond O,5/27/2024,larval dipnet,160,SCLTS,1.5,28,58,L,1,yes,2024,,
Pond O,5/27/2024,larval dipnet,160,SCLTS,0.3,18,35,L,1,yes,2024,,
Pond O,5/27/2024,larval dipnet,160,SCLTS,1.7,32,60,L,1,yes,2024,,
Pond O,5/27/2024,larval dipnet,160,SCLTS,2.1,32,70,L,1,yes,2024,,
Pond O,5/27/2024,larval dipnet,160,SCLTS,0.8,25,44,L,1,yes,2024,,
Pond O,5/27/2024,larval dipnet,160,SCLTS,1.4,27,58,L,1,yes,2024,,
Pond O,5/27/2024,larval dipnet,160,SCLTS,1.4,29,60,L,1,yes,2024,,
Pond O,5/27/2024,larval dipnet,160,SCLTS,0.6,20,47,L,1,yes,2024,,
Pond O,5/27/2024,larval dipnet,160,SCLTS,1,26,46,L,1,yes,2024,,
Oxbow,5/27/2024,larval dipnet,502,SCLTS,0.9,27,52,L,1,yes,2024,,
Oxbow,5/27/2024,larval dipnet,502,SCLTS,0.9,27,46,L,1,yes,2024,,
Oxbow,5/27/2024,larval dipnet,502,SCLTS,1.1,29,50,L,1,yes,2024,,
Oxbow,5/27/2024,larval dipnet,502,SCLTS,1.8,30,66,L,1,yes,2024,,
Oxbow,5/27/2024,larval dipnet,502,SCLTS,1.7,34,57,L,1,yes,2024,,
Oxbow,5/27/2024,larval dipnet,502,SCLTS,1.6,34,77,L,1,yes,2024,,
Oxbow,5/27/2024,larval dipnet,502,SCLTS,2,31,65,L,1,yes,2024,,
Oxbow,5/27/2024,larval dipnet,502,SCLTS,2,39,59,L,1,yes,2024,,
Oxbow,5/27/2024,larval dipnet,502,SCLTS,1,24,42,L,1,yes,2024,,
Oxbow,5/27/2024,larval dipnet,502,SCLTS,1.1,28,52,L,1,yes,2024,,
Oxbow,5/27/2024,larval dipnet,502,SCLTS,2,32,57,L,1,yes,2024,,
Oxbow,5/27/2024,larval dipnet,502,SCLTS,2.2,33,65,L,1,yes,2024,,
Oxbow,5/27/2024,larval dipnet,502,SCLTS,0.6,24,33,L,1,yes,2024,,
Oxbow,5/27/2024,larval dipnet,502,SCLTS,0.7,23,43,L,1,yes,2024,,
Oxbow,5/27/2024,larval dipnet,502,SCLTS,1.6,33,63,L,1,yes,2024,,
Oxbow,5/27/2024,larval dipnet,502,SCLTS,1.1,27,47,L,1,yes,2024,,
Oxbow,5/27/2024,larval dipnet,502,SCLTS,0.5,20,36,L,1,yes,2024,,
Oxbow,5/27/2024,larval dipnet,502,SCLTS,1.1,23,47,L,1,yes,2024,,
Oxbow,5/27/2024,larval dipnet,502,SCLTS,0.4,22,42,L,1,yes,2024,,
Oxbow,5/27/2024,larval dipnet,502,SCLTS,1.6,30,60,L,1,yes,2024,,
Oxbow,5/27/2024,larval dipnet,502,SCLTS,1.6,31,57,L,1,yes,2024,,
Pond R,5/27/2024,density dipnet,46,SCLTS,2,30,75,L,1,yes,2024,,
Pond R,5/27/2024,density dipnet,46,SCLTS,2.8,35,70,L,1,yes,2024,,
Pond R,5/27/2024,larval seine,30m full widtrh,SCLTS,1.8,32,62,L,1,yes,2024,,
Pond R,5/27/2024,larval seine,30m full widtrh,SCLTS,2.3,33,65,L,1,yes,2024,,
Pond R,5/27/2024,larval seine,30m full widtrh,SCLTS,1.4,26,43,L,1,yes,2024,,
Pond R,5/27/2024,larval seine,30m full widtrh,SCLTS,1.2,28,54,L,1,yes,2024,,
Pond R,5/27/2024,larval seine,30m full widtrh,SCLTS,1.5,30,66,L,1,yes,2024,,
Pond R,5/27/2024,larval seine,30m full widtrh,SCLTS,0.5,24,42,L,1,yes,2024,,
Pond R,5/27/2024,larval dipnet,177,SCLTS,0.6,23,43,L,1,yes,2024,,
Pond R,5/27/2024,larval dipnet,177,SCLTS,0.7,23,45,L,1,yes,2024,,
Pond R,5/27/2024,larval dipnet,177,SCLTS,0.4,20,41,L,1,yes,2024,,
Pond R,5/27/2024,larval dipnet,177,SCLTS,2.1,31,71,L,1,yes,2024,,
Pond R,5/27/2024,larval dipnet,177,SCLTS,2,32,66,L,1,yes,2024,,
Pond R,5/27/2024,larval dipnet,177,SCLTS,0.6,25,47,L,1,yes,2024,,
Pond R,5/27/2024,larval dipnet,177,SCLTS,1.5,32,64,L,1,yes,2024,,
Pond R,5/27/2024,larval dipnet,177,SCLTS,2.1,32,68,L,1,yes,2024,,
Pond R,5/27/2024,larval dipnet,177,SCLTS,0.7,24,43,L,1,yes,2024,,
Pond R,5/27/2024,larval dipnet,177,SCLTS,1.1,29,54,L,1,yes,2024,,
Pond R,5/27/2024,larval dipnet,177,SCLTS,2,34,72,L,1,yes,2024,,
Pond R,5/27/2024,larval dipnet,177,SCLTS,1.7,32,57,L,1,yes,2024,,
Pond S,5/27/2024,density dipnet,62,SCLTS,2.1,32,61,L,1,yes,2024,,
Pond S,5/27/2024,density dipnet,62,SCLTS,1.4,29,58,L,1,yes,2024,,
Pond S,5/27/2024,larval dipnet,107,SCLTS,1.4,29,57,L,1,yes,2024,,
Pond S,5/27/2024,larval dipnet,107,SCLTS,1.6,31,59,L,1,yes,2024,,
Pond S,5/27/2024,larval dipnet,107,SCLTS,2,32,68,L,1,yes,2024,,
Pond S,5/27/2024,larval dipnet,107,SCLTS,2.2,35,67,L,1,yes,2024,,
Pond S,5/27/2024,larval dipnet,107,SCLTS,1.9,33,63,L,1,yes,2024,,
Pond S,5/27/2024,larval dipnet,107,SCLTS,1.6,28,54,L,1,yes,2024,,
Pond S,5/27/2024,larval dipnet,107,SCLTS,1.4,30,58,L,1,yes,2024,,
Pond S,5/27/2024,larval dipnet,107,SCLTS,1.6,30,63,L,1,yes,2024,,
Pond S,5/27/2024,larval dipnet,107,SCLTS,1.4,27,51,L,1,yes,2024,,
Pond S,5/27/2024,larval dipnet,107,SCLTS,1.9,31,67,L,1,yes,2024,,
Pond S,5/27/2024,larval dipnet,107,SCLTS,1.8,32,60,L,1,yes,2024,,
Pond S,5/27/2024,larval dipnet,107,SCLTS,0.2,18,30,L,1,yes,2024,,
Pond S,5/27/2024,larval dipnet,107,SCLTS,1.3,29,55,L,1,yes,2024,,
Pond S,5/27/2024,larval dipnet,107,SCLTS,0.4,22,37,L,1,yes,2024,,
Pond S,5/27/2024,larval dipnet,107,SCLTS,1.7,32,57,L,1,yes,2024,,
Pond S,5/27/2024,larval dipnet,107,SCLTS,0.9,24,45,L,1,yes,2024,,
Pond S,5/27/2024,larval dipnet,107,SCLTS,0.6,29,33,L,1,no,2024,,
Pond S,5/27/2024,larval dipnet,107,SCLTS,0.6,24,48,L,1,yes,2024,,
Pond S,5/27/2024,larval dipnet,107,SCLTS,n/a,n/a,n/a,L,1,yes,2024,,
Carneros 1,5/27/2024,density dipnet,53,SCLTS,1.7,29,63,L,1,yes,2024,,
Carneros 1,5/27/2024,density dipnet,53,SCLTS,1.6,30,59,L,1,yes,2024,,
Carneros 1,5/27/2024,larval dipnet,251,SCLTS,1.6,39,59,L,1,yes,2024,,
Carneros 1,5/27/2024,larval dipnet,251,SCLTS,2.1,34,70,L,1,yes,2024,,
Carneros 1,5/27/2024,larval dipnet,251,SCLTS,2,32,65,L,1,yes,2024,,
Carneros 1,5/27/2024,larval dipnet,251,SCLTS,2.2,33,67,L,1,yes,2024,,
Carneros 1,5/27/2024,larval dipnet,251,SCLTS,1.7,32,60,L,1,yes,2024,,
Carneros 1,5/27/2024,larval dipnet,251,SCLTS,3,37,75,L,1,yes,2024,,
Carneros 1,5/27/2024,larval dipnet,251,SCLTS,2.2,33,66,L,1,yes,2024,,
Carneros 1,5/27/2024,larval dipnet,251,SCLTS,1.6,31,64,L,1,yes,2024,,
Carneros 1,5/27/2024,larval dipnet,251,SCLTS,2.1,32,64,L,1,yes,2024,,
Carneros 1,5/27/2024,larval dipnet,251,SCLTS,2.3,35,69,L,1,yes,2024,,
Carneros 1,5/27/2024,larval dipnet,251,SCLTS,0.5,23,34,L,1,yes,2024,,
Carneros 1,5/27/2024,larval dipnet,251,SCLTS,1.2,29,56,L,1,yes,2024,,
Carneros 1,5/27/2024,larval dipnet,251,SCLTS,2.3,36,67,L,1,yes,2024,,
Carneros 1,5/27/2024,larval dipnet,251,SCLTS,2.3,33,57,L,1,yes,2024,,
Carneros 1,5/27/2024,larval dipnet,251,SCLTS,0.8,26,47,L,1,yes,2024,,
Carneros 1,5/27/2024,larval dipnet,251,SCLTS,1.6,27,59,L,1,yes,2024,,
Carneros 1,5/27/2024,larval dipnet,251,SCLTS,1.9,33,62,L,1,yes,2024,,
Carneros 1,5/27/2024,larval dipnet,251,SCLTS,0.5,20,35,L,1,yes,2024,,
Carneros 2,5/27/2024,density dipnet,54,SCLTS,0.7,23,45,L,1,yes,2024,,
Carneros 2,5/27/2024,larval dipnet,535,SCLTS,1.8,34,66,L,1,yes,2024,,
Carneros 2,5/27/2024,larval dipnet,535,SCLTS,0.8,24,45,L,1,yes,2024,,
Carneros 2,5/27/2024,larval dipnet,535,SCLTS,1.9,30,65,L,1,yes,2024,,
Carneros 2,5/27/2024,larval dipnet,535,SCLTS,1.9,34,66,L,1,yes,2024,,
Carneros 2,5/27/2024,larval dipnet,535,SCLTS,2.9,37,78,L,1,yes,2024,,
Carneros 2,5/27/2024,larval dipnet,535,SCLTS,2,33,68,L,1,yes,2024,,
Carneros 2,5/27/2024,larval dipnet,535,SCLTS,1.3,25,52,L,1,yes,2024,,
Carneros 2,5/27/2024,larval dipnet,535,SCLTS,1.5,31,57,L,1,yes,2024,,
Carneros 2,5/27/2024,larval dipnet,535,SCLTS,1.8,32,68,L,1,yes,2024,,
Carneros 2,5/27/2024,larval dipnet,535,SCLTS,0.5,18,35,L,1,yes,2024,,
Carneros 2,5/27/2024,larval dipnet,535,SCLTS,2.3,34,75,L,1,yes,2024,,
Carneros 2,5/27/2024,larval dipnet,535,SCLTS,2.4,37,68,L,1,yes,2024,,
Carneros 2,5/27/2024,larval dipnet,535,SCLTS,0.5,22,40,L,1,yes,2024,,
Carneros 2,5/27/2024,larval dipnet,535,SCLTS,0.7,23,35,L,1,yes,2024,,
Carneros 2,5/27/2024,larval dipnet,535,SCLTS,0.5,23,43,L,1,yes,2024,,
Carneros 2,5/27/2024,larval dipnet,535,SCLTS,1.2,28,56,L,1,yes,2024,,
Carneros 2,5/27/2024,larval dipnet,535,SCLTS,0.6,22,35,L,1,yes,2024,,
Carneros 2,5/27/2024,larval dipnet,535,SCLTS,0.7,24,44,L,1,yes,2024,,
Carneros 2,5/27/2024,larval dipnet,535,SCLTS,0.4,27,39,L,1,yes,2024,,